franchise,team_name,year,wins,losses,winning_percentage,run_differential,runs_scored,runs_allowed
Pittsburgh Pirates,Pittsburgh Pirates,1901,90,49,0.647,242,776,534
Philadelphia Phillies,Philadelphia Phillies,1901,83,57,0.593,125,668,543
Boston Red Sox,Boston Americans,1901,79,57,0.581,151,759,608
Los Angeles Dodgers,Brooklyn Superbas,1901,79,57,0.581,144,744,600
St. Louis Cardinals,St. Louis Cardinals,1901,76,64,0.543,103,792,689
Atlanta Braves,Boston Beaneaters,1901,69,69,0.5,-25,531,556
Chicago Cubs,Chicago Orphans,1901,53,86,0.381,-121,578,699
San Francisco Giants,New York Giants,1901,52,85,0.38,-211,544,755
Pittsburgh Pirates,Pittsburgh Pirates,1902,103,36,0.741,335,775,440
Boston Red Sox,Boston Americans,1902,77,60,0.562,64,664,600
Los Angeles Dodgers,Brooklyn Superbas,1902,75,63,0.543,45,564,519
Atlanta Braves,Boston Beaneaters,1902,73,64,0.533,56,572,516
Chicago Cubs,Chicago Orphans,1902,68,69,0.496,39,544,505
St. Louis Cardinals,St. Louis Cardinals,1902,56,78,0.418,-178,517,695
Philadelphia Phillies,Philadelphia Phillies,1902,56,81,0.409,-165,484,649
San Francisco Giants,New York Giants,1902,48,90,0.348,-199,405,604
Boston Red Sox,Boston Americans,1903,91,47,0.659,204,708,504
Pittsburgh Pirates,Pittsburgh Pirates,1903,91,49,0.65,180,793,613
San Francisco Giants,New York Giants,1903,84,55,0.604,162,729,567
Chicago Cubs,Chicago Cubs,1903,82,56,0.594,96,695,599
New York Yankees,New York Highlanders,1903,72,62,0.537,6,579,573
Los Angeles Dodgers,Brooklyn Superbas,1903,70,66,0.515,-15,667,682
Atlanta Braves,Boston Beaneaters,1903,58,80,0.42,-121,578,699
Philadelphia Phillies,Philadelphia Phillies,1903,49,86,0.363,-121,617,738
St. Louis Cardinals,St. Louis Cardinals,1903,43,94,0.314,-290,505,795
San Francisco Giants,New York Giants,1904,106,47,0.693,270,744,474
Boston Red Sox,Boston Americans,1904,95,59,0.617,142,608,466
New York Yankees,New York Highlanders,1904,92,59,0.609,72,598,526
Chicago Cubs,Chicago Cubs,1904,93,60,0.608,80,597,517
Pittsburgh Pirates,Pittsburgh Pirates,1904,87,66,0.569,83,675,592
St. Louis Cardinals,St. Louis Cardinals,1904,75,79,0.487,7,602,595
Los Angeles Dodgers,Brooklyn Superbas,1904,56,97,0.366,-117,497,614
Atlanta Braves,Boston Beaneaters,1904,55,98,0.359,-258,491,749
Philadelphia Phillies,Philadelphia Phillies,1904,52,100,0.342,-213,571,784
San Francisco Giants,New York Giants,1905,105,48,0.686,275,780,505
Pittsburgh Pirates,Pittsburgh Pirates,1905,96,57,0.627,122,692,570
Chicago Cubs,Chicago Cubs,1905,92,61,0.601,225,667,442
Philadelphia Phillies,Philadelphia Phillies,1905,83,69,0.546,105,708,603
Boston Red Sox,Boston Americans,1905,78,74,0.513,14,579,565
New York Yankees,New York Highlanders,1905,71,78,0.477,-35,586,621
St. Louis Cardinals,St. Louis Cardinals,1905,58,96,0.377,-199,535,734
Atlanta Braves,Boston Beaneaters,1905,51,103,0.331,-265,468,733
Los Angeles Dodgers,Brooklyn Superbas,1905,48,104,0.316,-301,506,807
Chicago Cubs,Chicago Cubs,1906,116,36,0.763,323,704,381
San Francisco Giants,New York Giants,1906,96,56,0.632,116,625,509
Pittsburgh Pirates,Pittsburgh Pirates,1906,93,60,0.608,153,623,470
New York Yankees,New York Highlanders,1906,90,61,0.596,97,640,543
Philadelphia Phillies,Philadelphia Phillies,1906,71,82,0.464,-36,528,564
Los Angeles Dodgers,Brooklyn Superbas,1906,66,86,0.434,-129,496,625
St. Louis Cardinals,St. Louis Cardinals,1906,52,98,0.347,-137,470,607
Atlanta Braves,Boston Beaneaters,1906,49,102,0.325,-241,408,649
Boston Red Sox,Boston Americans,1906,49,105,0.318,-243,463,706
Chicago Cubs,Chicago Cubs,1907,107,45,0.704,184,574,390
Pittsburgh Pirates,Pittsburgh Pirates,1907,91,63,0.591,124,634,510
Philadelphia Phillies,Philadelphia Phillies,1907,83,64,0.565,38,514,476
San Francisco Giants,New York Giants,1907,82,71,0.536,64,574,510
New York Yankees,New York Highlanders,1907,70,78,0.473,-62,605,667
Los Angeles Dodgers,Brooklyn Superbas,1907,65,83,0.439,-76,446,522
Boston Red Sox,Boston Red Sox,1907,59,90,0.396,-92,466,558
Atlanta Braves,Boston Doves,1907,58,90,0.392,-150,502,652
St. Louis Cardinals,St. Louis Cardinals,1907,52,101,0.34,-191,419,610
Chicago Cubs,Chicago Cubs,1908,99,55,0.643,163,624,461
San Francisco Giants,New York Giants,1908,98,56,0.636,196,651,455
Pittsburgh Pirates,Pittsburgh Pirates,1908,98,56,0.636,117,585,468
Philadelphia Phillies,Philadelphia Phillies,1908,83,71,0.539,59,504,445
Boston Red Sox,Boston Red Sox,1908,75,79,0.487,51,564,513
Atlanta Braves,Boston Doves,1908,63,91,0.409,-85,537,622
Los Angeles Dodgers,Brooklyn Superbas,1908,53,101,0.344,-141,375,516
New York Yankees,New York Highlanders,1908,51,103,0.331,-253,460,713
St. Louis Cardinals,St. Louis Cardinals,1908,49,105,0.318,-254,372,626
Pittsburgh Pirates,Pittsburgh Pirates,1909,110,42,0.724,253,701,448
Chicago Cubs,Chicago Cubs,1909,104,49,0.68,245,635,390
San Francisco Giants,New York Giants,1909,92,61,0.601,77,624,547
Boston Red Sox,Boston Red Sox,1909,88,63,0.583,52,601,549
New York Yankees,New York Highlanders,1909,74,77,0.49,2,589,587
Philadelphia Phillies,Philadelphia Phillies,1909,74,79,0.484,-2,517,519
Los Angeles Dodgers,Brooklyn Superbas,1909,55,98,0.359,-183,444,627
St. Louis Cardinals,St. Louis Cardinals,1909,54,98,0.355,-148,583,731
Atlanta Braves,Boston Doves,1909,45,108,0.294,-248,435,683
Chicago Cubs,Chicago Cubs,1910,104,50,0.675,214,711,497
San Francisco Giants,New York Giants,1910,91,63,0.591,148,715,567
New York Yankees,New York Highlanders,1910,88,63,0.583,69,626,557
Pittsburgh Pirates,Pittsburgh Pirates,1910,86,67,0.562,79,655,576
Boston Red Sox,Boston Red Sox,1910,81,72,0.529,77,641,564
Philadelphia Phillies,Philadelphia Phillies,1910,78,75,0.51,35,674,639
Los Angeles Dodgers,Brooklyn Superbas,1910,64,90,0.416,-126,497,623
St. Louis Cardinals,St. Louis Cardinals,1910,63,90,0.412,-80,637,717
Atlanta Braves,Boston Doves,1910,53,100,0.346,-206,495,701
San Francisco Giants,New York Giants,1911,99,54,0.647,214,756,542
Chicago Cubs,Chicago Cubs,1911,92,62,0.597,150,757,607
Pittsburgh Pirates,Pittsburgh Pirates,1911,85,69,0.552,187,744,557
Philadelphia Phillies,Philadelphia Phillies,1911,79,73,0.52,-11,658,669
Boston Red Sox,Boston Red Sox,1911,78,75,0.51,37,680,643
St. Louis Cardinals,St. Louis Cardinals,1911,75,74,0.503,-74,671,745
New York Yankees,New York Highlanders,1911,76,76,0.5,-39,684,723
Los Angeles Dodgers,Brooklyn Dodgers,1911,64,86,0.427,-120,539,659
Atlanta Braves,Boston Rustlers,1911,44,107,0.291,-322,699,1021
Boston Red Sox,Boston Red Sox,1912,105,47,0.691,255,799,544
San Francisco Giants,New York Giants,1912,103,48,0.682,252,823,571
Pittsburgh Pirates,Pittsburgh Pirates,1912,93,58,0.616,186,751,565
Chicago Cubs,Chicago Cubs,1912,91,59,0.607,88,756,668
Philadelphia Phillies,Philadelphia Phillies,1912,73,79,0.48,-18,670,688
St. Louis Cardinals,St. Louis Cardinals,1912,63,90,0.412,-171,659,830
Los Angeles Dodgers,Brooklyn Dodgers,1912,58,95,0.379,-93,651,744
Atlanta Braves,Boston Braves,1912,52,101,0.34,-178,693,871
New York Yankees,New York Highlanders,1912,50,102,0.329,-212,630,842
San Francisco Giants,New York Giants,1913,101,51,0.664,169,684,515
Philadelphia Phillies,Philadelphia Phillies,1913,88,63,0.583,57,693,636
Chicago Cubs,Chicago Cubs,1913,88,65,0.575,91,721,630
Boston Red Sox,Boston Red Sox,1913,79,71,0.527,21,631,610
Pittsburgh Pirates,Pittsburgh Pirates,1913,78,71,0.523,88,673,585
Atlanta Braves,Boston Braves,1913,69,82,0.457,-49,641,690
Los Angeles Dodgers,Brooklyn Superbas,1913,65,84,0.436,-18,595,613
New York Yankees,New York Yankees,1913,57,94,0.377,-139,529,668
St. Louis Cardinals,St. Louis Cardinals,1913,51,99,0.34,-228,528,756
Boston Red Sox,Boston Red Sox,1915,101,50,0.669,170,669,499
Philadelphia Phillies,Philadelphia Phillies,1915,90,62,0.592,126,589,463
Atlanta Braves,Boston Braves,1915,83,69,0.546,37,582,545
Los Angeles Dodgers,Brooklyn Robins,1915,80,72,0.526,-24,536,560
Chicago Cubs,Chicago Cubs,1915,73,80,0.477,-50,570,620
Pittsburgh Pirates,Pittsburgh Pirates,1915,73,81,0.474,37,557,520
St. Louis Cardinals,St. Louis Cardinals,1915,72,81,0.471,-11,590,601
San Francisco Giants,New York Giants,1915,69,83,0.454,-46,582,628
New York Yankees,New York Yankees,1915,69,83,0.454,-4,584,588
Los Angeles Dodgers,Brooklyn Robins,1916,94,60,0.61,114,585,471
Philadelphia Phillies,Philadelphia Phillies,1916,91,62,0.595,92,581,489
Boston Red Sox,Boston Red Sox,1916,91,63,0.591,70,550,480
Atlanta Braves,Boston Braves,1916,89,63,0.586,89,542,453
San Francisco Giants,New York Giants,1916,86,66,0.566,93,597,504
New York Yankees,New York Yankees,1916,80,74,0.519,16,577,561
Chicago Cubs,Chicago Cubs,1916,67,86,0.438,-21,520,541
Pittsburgh Pirates,Pittsburgh Pirates,1916,65,89,0.422,-102,484,586
St. Louis Cardinals,St. Louis Cardinals,1916,60,93,0.392,-153,476,629
San Francisco Giants,New York Giants,1917,98,56,0.636,178,635,457
Boston Red Sox,Boston Red Sox,1917,90,62,0.592,100,555,455
Philadelphia Phillies,Philadelphia Phillies,1917,87,65,0.572,78,578,500
St. Louis Cardinals,St. Louis Cardinals,1917,82,70,0.539,-36,531,567
Chicago Cubs,Chicago Cubs,1917,74,80,0.481,-15,552,567
Atlanta Braves,Boston Braves,1917,72,81,0.471,-16,536,552
New York Yankees,New York Yankees,1917,71,82,0.464,-34,524,558
Los Angeles Dodgers,Brooklyn Robins,1917,70,81,0.464,-48,511,559
Pittsburgh Pirates,Pittsburgh Pirates,1917,51,103,0.331,-131,464,595
Chicago Cubs,Chicago Cubs,1918,84,45,0.651,145,538,393
Boston Red Sox,Boston Red Sox,1918,75,51,0.595,94,474,380
San Francisco Giants,New York Giants,1918,71,53,0.573,65,480,415
Pittsburgh Pirates,Pittsburgh Pirates,1918,65,60,0.52,54,466,412
New York Yankees,New York Yankees,1918,60,63,0.488,18,493,475
Los Angeles Dodgers,Brooklyn Robins,1918,57,69,0.452,-103,360,463
Philadelphia Phillies,Philadelphia Phillies,1918,55,68,0.447,-77,430,507
Atlanta Braves,Boston Braves,1918,53,71,0.427,-45,424,469
St. Louis Cardinals,St. Louis Cardinals,1918,51,78,0.395,-73,454,527
San Francisco Giants,New York Giants,1919,87,53,0.621,135,605,470
New York Yankees,New York Yankees,1919,80,59,0.576,72,578,506
Chicago Cubs,Chicago Cubs,1919,75,65,0.536,47,454,407
Pittsburgh Pirates,Pittsburgh Pirates,1919,71,68,0.511,6,472,466
Los Angeles Dodgers,Brooklyn Robins,1919,69,71,0.493,12,525,513
Boston Red Sox,Boston Red Sox,1919,66,71,0.482,12,564,552
Atlanta Braves,Boston Braves,1919,57,82,0.41,-98,465,563
St. Louis Cardinals,St. Louis Cardinals,1919,54,83,0.394,-89,463,552
Philadelphia Phillies,Philadelphia Phillies,1919,47,90,0.343,-189,510,699
New York Yankees,New York Yankees,1920,95,59,0.617,208,837,629
Los Angeles Dodgers,Brooklyn Robins,1920,93,61,0.604,132,660,528
San Francisco Giants,New York Giants,1920,86,68,0.558,139,682,543
Pittsburgh Pirates,Pittsburgh Pirates,1920,79,75,0.513,-22,530,552
Chicago Cubs,Chicago Cubs,1920,75,79,0.487,-16,619,635
St. Louis Cardinals,St. Louis Cardinals,1920,75,79,0.487,-7,675,682
Boston Red Sox,Boston Red Sox,1920,72,81,0.471,-48,650,698
Atlanta Braves,Boston Braves,1920,62,90,0.408,-147,523,670
Philadelphia Phillies,Philadelphia Phillies,1920,62,91,0.405,-149,565,714
New York Yankees,New York Yankees,1921,98,55,0.641,240,948,708
San Francisco Giants,New York Giants,1921,94,59,0.614,203,840,637
Pittsburgh Pirates,Pittsburgh Pirates,1921,90,63,0.588,97,692,595
St. Louis Cardinals,St. Louis Cardinals,1921,87,66,0.569,128,809,681
Atlanta Braves,Boston Braves,1921,79,74,0.516,24,721,697
Los Angeles Dodgers,Brooklyn Robins,1921,77,75,0.507,-14,667,681
Boston Red Sox,Boston Red Sox,1921,75,79,0.487,-28,668,696
Chicago Cubs,Chicago Cubs,1921,64,89,0.418,-105,668,773
Philadelphia Phillies,Philadelphia Phillies,1921,51,103,0.331,-302,617,919
New York Yankees,New York Yankees,1922,94,60,0.61,140,758,618
San Francisco Giants,New York Giants,1922,93,61,0.604,194,852,658
Pittsburgh Pirates,Pittsburgh Pirates,1922,85,69,0.552,129,865,736
St. Louis Cardinals,St. Louis Cardinals,1922,85,69,0.552,44,863,819
Chicago Cubs,Chicago Cubs,1922,80,74,0.519,-37,771,808
Los Angeles Dodgers,Brooklyn Robins,1922,76,78,0.494,-11,743,754
Boston Red Sox,Boston Red Sox,1922,61,93,0.396,-171,598,769
Philadelphia Phillies,Philadelphia Phillies,1922,57,96,0.373,-182,738,920
Atlanta Braves,Boston Braves,1922,53,100,0.346,-226,596,822
New York Yankees,New York Yankees,1923,98,54,0.645,201,823,622
San Francisco Giants,New York Giants,1923,95,58,0.621,175,854,679
Pittsburgh Pirates,Pittsburgh Pirates,1923,87,67,0.565,90,786,696
Chicago Cubs,Chicago Cubs,1923,83,71,0.539,52,756,704
St. Louis Cardinals,St. Louis Cardinals,1923,79,74,0.516,14,746,732
Los Angeles Dodgers,Brooklyn Robins,1923,76,78,0.494,12,753,741
Boston Red Sox,Boston Red Sox,1923,61,91,0.401,-225,584,809
Atlanta Braves,Boston Braves,1923,54,100,0.351,-162,636,798
Philadelphia Phillies,Philadelphia Phillies,1923,50,104,0.325,-260,748,1008
San Francisco Giants,New York Giants,1924,93,60,0.608,216,857,641
Los Angeles Dodgers,Brooklyn Robins,1924,92,62,0.597,38,717,679
Pittsburgh Pirates,Pittsburgh Pirates,1924,90,63,0.588,138,724,586
New York Yankees,New York Yankees,1924,89,63,0.586,131,798,667
Chicago Cubs,Chicago Cubs,1924,81,72,0.529,-1,698,699
Boston Red Sox,Boston Red Sox,1924,67,87,0.435,-71,735,806
St. Louis Cardinals,St. Louis Cardinals,1924,65,89,0.422,-10,740,750
Philadelphia Phillies,Philadelphia Phillies,1924,55,96,0.364,-173,676,849
Atlanta Braves,Boston Braves,1924,53,100,0.346,-278,520,798
Pittsburgh Pirates,Pittsburgh Pirates,1925,95,58,0.621,197,912,715
San Francisco Giants,New York Giants,1925,86,66,0.566,34,736,702
St. Louis Cardinals,St. Louis Cardinals,1925,77,76,0.503,64,828,764
Atlanta Braves,Boston Braves,1925,70,83,0.458,-94,708,802
New York Yankees,New York Yankees,1925,69,85,0.448,-68,706,774
Los Angeles Dodgers,Brooklyn Robins,1925,68,85,0.444,-80,786,866
Philadelphia Phillies,Philadelphia Phillies,1925,68,85,0.444,-118,812,930
Chicago Cubs,Chicago Cubs,1925,68,86,0.442,-50,723,773
Boston Red Sox,Boston Red Sox,1925,47,105,0.309,-283,639,922
New York Yankees,New York Yankees,1926,91,63,0.591,134,847,713
St. Louis Cardinals,St. Louis Cardinals,1926,89,65,0.578,139,817,678
Pittsburgh Pirates,Pittsburgh Pirates,1926,84,69,0.549,80,769,689
Chicago Cubs,Chicago Cubs,1926,82,72,0.532,80,682,602
San Francisco Giants,New York Giants,1926,74,77,0.49,-5,663,668
Los Angeles Dodgers,Brooklyn Robins,1926,71,82,0.464,-82,623,705
Atlanta Braves,Boston Braves,1926,64,86,0.427,-97,615,712
Philadelphia Phillies,Philadelphia Phillies,1926,58,91,0.389,-211,680,891
Boston Red Sox,Boston Red Sox,1926,46,107,0.301,-273,562,835
New York Yankees,New York Yankees,1927,110,44,0.714,376,975,599
Pittsburgh Pirates,Pittsburgh Pirates,1927,94,60,0.61,158,817,659
St. Louis Cardinals,St. Louis Cardinals,1927,92,61,0.601,89,754,665
San Francisco Giants,New York Giants,1927,92,62,0.597,97,817,720
Chicago Cubs,Chicago Cubs,1927,85,68,0.556,89,750,661
Los Angeles Dodgers,Brooklyn Robins,1927,65,88,0.425,-78,541,619
Atlanta Braves,Boston Braves,1927,60,94,0.39,-120,651,771
Boston Red Sox,Boston Red Sox,1927,51,103,0.331,-259,597,856
Philadelphia Phillies,Philadelphia Phillies,1927,51,103,0.331,-225,678,903
New York Yankees,New York Yankees,1928,101,53,0.656,209,894,685
St. Louis Cardinals,St. Louis Cardinals,1928,95,59,0.617,171,807,636
San Francisco Giants,New York Giants,1928,93,61,0.604,154,807,653
Chicago Cubs,Chicago Cubs,1928,91,63,0.591,99,714,615
Pittsburgh Pirates,Pittsburgh Pirates,1928,85,67,0.559,133,837,704
Los Angeles Dodgers,Brooklyn Robins,1928,77,76,0.503,25,665,640
Boston Red Sox,Boston Red Sox,1928,57,96,0.373,-181,589,770
Atlanta Braves,Boston Braves,1928,50,103,0.327,-247,631,878
Philadelphia Phillies,Philadelphia Phillies,1928,43,109,0.283,-297,660,957
Chicago Cubs,Chicago Cubs,1929,98,54,0.645,224,982,758
Pittsburgh Pirates,Pittsburgh Pirates,1929,88,65,0.575,124,904,780
New York Yankees,New York Yankees,1929,88,66,0.571,124,899,775
San Francisco Giants,New York Giants,1929,84,67,0.556,188,897,709
St. Louis Cardinals,St. Louis Cardinals,1929,78,74,0.513,25,831,806
Philadelphia Phillies,Philadelphia Phillies,1929,71,82,0.464,-135,897,1032
Los Angeles Dodgers,Brooklyn Robins,1929,70,83,0.458,-133,755,888
Boston Red Sox,Boston Red Sox,1929,58,96,0.377,-198,605,803
Atlanta Braves,Boston Braves,1929,56,98,0.364,-219,657,876
St. Louis Cardinals,St. Louis Cardinals,1930,92,62,0.597,220,1004,784
Chicago Cubs,Chicago Cubs,1930,90,64,0.584,128,998,870
San Francisco Giants,New York Giants,1930,87,67,0.565,145,959,814
Los Angeles Dodgers,Brooklyn Robins,1930,86,68,0.558,133,871,738
New York Yankees,New York Yankees,1930,86,68,0.558,164,1062,898
Pittsburgh Pirates,Pittsburgh Pirates,1930,80,74,0.519,-37,891,928
Atlanta Braves,Boston Braves,1930,70,84,0.455,-142,693,835
Boston Red Sox,Boston Red Sox,1930,52,102,0.338,-202,612,814
Philadelphia Phillies,Philadelphia Phillies,1930,52,102,0.338,-255,944,1199
St. Louis Cardinals,St. Louis Cardinals,1931,101,53,0.656,201,815,614
New York Yankees,New York Yankees,1931,94,59,0.614,307,1067,760
San Francisco Giants,New York Giants,1931,87,65,0.572,169,768,599
Chicago Cubs,Chicago Cubs,1931,84,70,0.545,118,828,710
Los Angeles Dodgers,Brooklyn Robins,1931,79,73,0.52,8,681,673
Pittsburgh Pirates,Pittsburgh Pirates,1931,75,79,0.487,-55,636,691
Philadelphia Phillies,Philadelphia Phillies,1931,66,88,0.429,-144,684,828
Atlanta Braves,Boston Braves,1931,64,90,0.416,-147,533,680
Boston Red Sox,Boston Red Sox,1931,62,90,0.408,-175,625,800
New York Yankees,New York Yankees,1932,107,47,0.695,278,1002,724
Chicago Cubs,Chicago Cubs,1932,90,64,0.584,87,720,633
Pittsburgh Pirates,Pittsburgh Pirates,1932,86,68,0.558,-10,701,711
Los Angeles Dodgers,Brooklyn Dodgers,1932,81,73,0.526,5,752,747
Philadelphia Phillies,Philadelphia Phillies,1932,78,76,0.506,48,844,796
Atlanta Braves,Boston Braves,1932,77,77,0.5,-6,649,655
San Francisco Giants,New York Giants,1932,72,82,0.468,49,755,706
St. Louis Cardinals,St. Louis Cardinals,1932,72,82,0.468,-33,684,717
Boston Red Sox,Boston Red Sox,1932,43,111,0.279,-349,566,915
New York Yankees,New York Yankees,1933,91,59,0.607,159,927,768
San Francisco Giants,New York Giants,1933,91,61,0.599,121,636,515
Pittsburgh Pirates,Pittsburgh Pirates,1933,87,67,0.565,48,667,619
Chicago Cubs,Chicago Cubs,1933,86,68,0.558,110,646,536
Atlanta Braves,Boston Braves,1933,83,71,0.539,21,552,531
St. Louis Cardinals,St. Louis Cardinals,1933,82,71,0.536,78,687,609
Los Angeles Dodgers,Brooklyn Dodgers,1933,65,88,0.425,-78,617,695
Boston Red Sox,Boston Red Sox,1933,63,86,0.423,-58,700,758
Philadelphia Phillies,Philadelphia Phillies,1933,60,92,0.395,-153,607,760
St. Louis Cardinals,St. Louis Cardinals,1934,95,58,0.621,143,799,656
New York Yankees,New York Yankees,1934,94,60,0.61,173,842,669
San Francisco Giants,New York Giants,1934,93,60,0.608,177,760,583
Chicago Cubs,Chicago Cubs,1934,86,65,0.57,66,705,639
Atlanta Braves,Boston Braves,1934,78,73,0.517,-31,683,714
Boston Red Sox,Boston Red Sox,1934,76,76,0.5,45,820,775
Pittsburgh Pirates,Pittsburgh Pirates,1934,74,76,0.493,22,735,713
Los Angeles Dodgers,Brooklyn Dodgers,1934,71,81,0.467,-47,748,795
Philadelphia Phillies,Philadelphia Phillies,1934,56,93,0.376,-119,675,794
Chicago Cubs,Chicago Cubs,1935,100,54,0.649,250,847,597
St. Louis Cardinals,St. Louis Cardinals,1935,96,58,0.623,204,829,625
New York Yankees,New York Yankees,1935,89,60,0.597,186,818,632
San Francisco Giants,New York Giants,1935,91,62,0.595,95,770,675
Pittsburgh Pirates,Pittsburgh Pirates,1935,86,67,0.562,96,743,647
Boston Red Sox,Boston Red Sox,1935,78,75,0.51,-14,718,732
Los Angeles Dodgers,Brooklyn Dodgers,1935,70,83,0.458,-56,711,767
Philadelphia Phillies,Philadelphia Phillies,1935,64,89,0.418,-186,685,871
Atlanta Braves,Boston Braves,1935,38,115,0.248,-277,575,852
New York Yankees,New York Yankees,1936,102,51,0.667,334,1065,731
San Francisco Giants,New York Giants,1936,92,62,0.597,121,742,621
Chicago Cubs,Chicago Cubs,1936,87,67,0.565,152,755,603
St. Louis Cardinals,St. Louis Cardinals,1936,87,67,0.565,1,795,794
Pittsburgh Pirates,Pittsburgh Pirates,1936,84,70,0.545,86,804,718
Boston Red Sox,Boston Red Sox,1936,74,80,0.481,11,775,764
Atlanta Braves,Boston Bees,1936,71,83,0.461,-84,631,715
Los Angeles Dodgers,Brooklyn Dodgers,1936,67,87,0.435,-90,662,752
Philadelphia Phillies,Philadelphia Phillies,1936,54,100,0.351,-148,726,874
New York Yankees,New York Yankees,1937,102,52,0.662,308,979,671
San Francisco Giants,New York Giants,1937,95,57,0.625,130,732,602
Chicago Cubs,Chicago Cubs,1937,93,61,0.604,129,811,682
Pittsburgh Pirates,Pittsburgh Pirates,1937,86,68,0.558,57,704,647
Boston Red Sox,Boston Red Sox,1937,80,72,0.526,46,821,775
St. Louis Cardinals,St. Louis Cardinals,1937,81,73,0.526,56,789,733
Atlanta Braves,Boston Bees,1937,79,73,0.52,23,579,556
Los Angeles Dodgers,Brooklyn Dodgers,1937,62,91,0.405,-156,616,772
Philadelphia Phillies,Philadelphia Phillies,1937,61,92,0.399,-145,724,869
New York Yankees,New York Yankees,1938,99,53,0.651,256,966,710
Boston Red Sox,Boston Red Sox,1938,88,61,0.591,151,902,751
Chicago Cubs,Chicago Cubs,1938,89,63,0.586,116,713,597
Pittsburgh Pirates,Pittsburgh Pirates,1938,86,64,0.573,77,707,630
San Francisco Giants,New York Giants,1938,83,67,0.553,68,705,637
Atlanta Braves,Boston Bees,1938,77,75,0.507,-57,561,618
St. Louis Cardinals,St. Louis Cardinals,1938,71,80,0.47,3,725,722
Los Angeles Dodgers,Brooklyn Dodgers,1938,69,80,0.463,-6,704,710
Philadelphia Phillies,Philadelphia Phillies,1938,45,105,0.3,-290,550,840
New York Yankees,New York Yankees,1939,106,45,0.702,411,967,556
St. Louis Cardinals,St. Louis Cardinals,1939,92,61,0.601,146,779,633
Boston Red Sox,Boston Red Sox,1939,89,62,0.589,95,890,795
Los Angeles Dodgers,Brooklyn Dodgers,1939,84,69,0.549,63,708,645
Chicago Cubs,Chicago Cubs,1939,84,70,0.545,46,724,678
San Francisco Giants,New York Giants,1939,77,74,0.51,18,703,685
Pittsburgh Pirates,Pittsburgh Pirates,1939,68,85,0.444,-55,666,721
Atlanta Braves,Boston Bees,1939,63,88,0.417,-87,572,659
Philadelphia Phillies,Philadelphia Phillies,1939,45,106,0.298,-303,553,856
Los Angeles Dodgers,Brooklyn Dodgers,1940,88,65,0.575,76,697,621
New York Yankees,New York Yankees,1940,88,66,0.571,146,817,671
St. Louis Cardinals,St. Louis Cardinals,1940,84,69,0.549,48,747,699
Boston Red Sox,Boston Red Sox,1940,82,72,0.532,47,872,825
Pittsburgh Pirates,Pittsburgh Pirates,1940,78,76,0.506,26,809,783
Chicago Cubs,Chicago Cubs,1940,75,79,0.487,45,681,636
San Francisco Giants,New York Giants,1940,72,80,0.474,4,663,659
Atlanta Braves,Boston Bees,1940,65,87,0.428,-122,623,745
Philadelphia Phillies,Philadelphia Phillies,1940,50,103,0.327,-256,494,750
New York Yankees,New York Yankees,1941,101,53,0.656,199,830,631
Los Angeles Dodgers,Brooklyn Dodgers,1941,100,54,0.649,219,800,581
St. Louis Cardinals,St. Louis Cardinals,1941,97,56,0.634,145,734,589
Boston Red Sox,Boston Red Sox,1941,84,70,0.545,115,865,750
Pittsburgh Pirates,Pittsburgh Pirates,1941,81,73,0.526,47,690,643
San Francisco Giants,New York Giants,1941,74,79,0.484,-39,667,706
Chicago Cubs,Chicago Cubs,1941,70,84,0.455,-4,666,670
Atlanta Braves,Boston Braves,1941,62,92,0.403,-128,592,720
Philadelphia Phillies,Philadelphia Phillies,1941,43,111,0.279,-292,501,793
St. Louis Cardinals,St. Louis Cardinals,1942,106,48,0.688,275,755,480
Los Angeles Dodgers,Brooklyn Dodgers,1942,104,50,0.675,230,742,512
New York Yankees,New York Yankees,1942,103,51,0.669,294,801,507
Boston Red Sox,Boston Red Sox,1942,93,59,0.612,167,761,594
San Francisco Giants,New York Giants,1942,85,67,0.559,75,675,600
Pittsburgh Pirates,Pittsburgh Pirates,1942,66,81,0.449,-46,585,631
Chicago Cubs,Chicago Cubs,1942,68,86,0.442,-74,591,665
Atlanta Braves,Boston Braves,1942,59,89,0.399,-130,515,645
Philadelphia Phillies,Philadelphia Phillies,1942,42,109,0.278,-312,394,706
St. Louis Cardinals,St. Louis Cardinals,1943,105,49,0.682,204,679,475
New York Yankees,New York Yankees,1943,98,56,0.636,127,669,542
Los Angeles Dodgers,Brooklyn Dodgers,1943,81,72,0.529,41,716,675
Pittsburgh Pirates,Pittsburgh Pirates,1943,80,74,0.519,64,669,605
Chicago Cubs,Chicago Cubs,1943,74,79,0.484,33,632,599
Boston Red Sox,Boston Red Sox,1943,68,84,0.447,-44,563,607
Atlanta Braves,Boston Braves,1943,68,85,0.444,-147,465,612
Philadelphia Phillies,Philadelphia Phillies,1943,64,90,0.416,-105,571,676
San Francisco Giants,New York Giants,1943,55,98,0.359,-155,558,713
St. Louis Cardinals,St. Louis Cardinals,1944,105,49,0.682,282,772,490
Pittsburgh Pirates,Pittsburgh Pirates,1944,90,63,0.588,82,744,662
New York Yankees,New York Yankees,1944,83,71,0.539,57,674,617
Boston Red Sox,Boston Red Sox,1944,77,77,0.5,63,739,676
Chicago Cubs,Chicago Cubs,1944,75,79,0.487,33,702,669
San Francisco Giants,New York Giants,1944,67,87,0.435,-91,682,773
Atlanta Braves,Boston Braves,1944,65,89,0.422,-81,593,674
Los Angeles Dodgers,Brooklyn Dodgers,1944,63,91,0.409,-142,690,832
Philadelphia Phillies,Philadelphia Phillies,1944,61,92,0.399,-119,539,658
Chicago Cubs,Chicago Cubs,1945,98,56,0.636,203,735,532
St. Louis Cardinals,St. Louis Cardinals,1945,95,59,0.617,174,756,582
Los Angeles Dodgers,Brooklyn Dodgers,1945,87,67,0.565,71,795,724
New York Yankees,New York Yankees,1945,81,71,0.533,70,676,606
Pittsburgh Pirates,Pittsburgh Pirates,1945,82,72,0.532,67,753,686
San Francisco Giants,New York Giants,1945,78,74,0.513,-33,668,701
Boston Red Sox,Boston Red Sox,1945,71,83,0.461,-75,599,674
Atlanta Braves,Boston Braves,1945,67,85,0.441,-7,721,728
Philadelphia Phillies,Philadelphia Phillies,1945,46,108,0.299,-317,548,865
Boston Red Sox,Boston Red Sox,1946,104,50,0.675,198,792,594
Los Angeles Dodgers,Brooklyn Dodgers,1946,96,58,0.623,137,695,558
St. Louis Cardinals,St. Louis Cardinals,1946,96,58,0.623,161,700,539
New York Yankees,New York Yankees,1946,87,67,0.565,137,684,547
Chicago Cubs,Chicago Cubs,1946,82,71,0.536,45,626,581
Atlanta Braves,Boston Braves,1946,81,72,0.529,38,630,592
Philadelphia Phillies,Philadelphia Phillies,1946,69,85,0.448,-145,560,705
Pittsburgh Pirates,Pittsburgh Pirates,1946,63,91,0.409,-116,552,668
San Francisco Giants,New York Giants,1946,61,93,0.396,-73,612,685
New York Yankees,New York Yankees,1947,97,57,0.63,226,794,568
Los Angeles Dodgers,Brooklyn Dodgers,1947,94,60,0.61,107,774,667
St. Louis Cardinals,St. Louis Cardinals,1947,89,65,0.578,146,780,634
Atlanta Braves,Boston Braves,1947,86,68,0.558,75,701,626
Boston Red Sox,Boston Red Sox,1947,83,71,0.539,51,720,669
San Francisco Giants,New York Giants,1947,81,73,0.526,69,830,761
Chicago Cubs,Chicago Cubs,1947,69,85,0.448,-153,569,722
Philadelphia Phillies,Philadelphia Phillies,1947,62,92,0.403,-98,589,687
Pittsburgh Pirates,Pittsburgh Pirates,1947,62,92,0.403,-72,745,817
Boston Red Sox,Boston Red Sox,1948,96,59,0.619,187,907,720
New York Yankees,New York Yankees,1948,94,60,0.61,224,857,633
Atlanta Braves,Boston Braves,1948,91,62,0.595,155,739,584
St. Louis Cardinals,St. Louis Cardinals,1948,85,69,0.552,96,742,646
Los Angeles Dodgers,Brooklyn Dodgers,1948,84,70,0.545,75,744,669
Pittsburgh Pirates,Pittsburgh Pirates,1948,83,71,0.539,5,706,701
San Francisco Giants,New York Giants,1948,78,76,0.506,77,780,703
Philadelphia Phillies,Philadelphia Phillies,1948,66,88,0.429,-137,591,728
Chicago Cubs,Chicago Cubs,1948,64,90,0.416,-108,597,705
Los Angeles Dodgers,Brooklyn Dodgers,1949,97,57,0.63,228,879,651
New York Yankees,New York Yankees,1949,97,57,0.63,192,829,637
Boston Red Sox,Boston Red Sox,1949,96,58,0.623,229,896,667
St. Louis Cardinals,St. Louis Cardinals,1949,96,58,0.623,150,766,616
Philadelphia Phillies,Philadelphia Phillies,1949,81,73,0.526,-6,662,668
Atlanta Braves,Boston Braves,1949,75,79,0.487,-13,706,719
San Francisco Giants,New York Giants,1949,73,81,0.474,43,736,693
Pittsburgh Pirates,Pittsburgh Pirates,1949,71,83,0.461,-79,681,760
Chicago Cubs,Chicago Cubs,1949,61,93,0.396,-180,593,773
New York Yankees,New York Yankees,1950,98,56,0.636,223,914,691
Boston Red Sox,Boston Red Sox,1950,94,60,0.61,223,1027,804
Philadelphia Phillies,Philadelphia Phillies,1950,91,63,0.591,98,722,624
Los Angeles Dodgers,Brooklyn Dodgers,1950,89,65,0.578,123,847,724
San Francisco Giants,New York Giants,1950,86,68,0.558,92,735,643
Atlanta Braves,Boston Braves,1950,83,71,0.539,49,785,736
St. Louis Cardinals,St. Louis Cardinals,1950,78,75,0.51,23,693,670
Chicago Cubs,Chicago Cubs,1950,64,89,0.418,-129,643,772
Pittsburgh Pirates,Pittsburgh Pirates,1950,57,96,0.373,-176,681,857
New York Yankees,New York Yankees,1951,98,56,0.636,177,798,621
San Francisco Giants,New York Giants,1951,98,59,0.624,140,781,641
Los Angeles Dodgers,Brooklyn Dodgers,1951,97,60,0.618,183,855,672
Boston Red Sox,Boston Red Sox,1951,87,67,0.565,79,804,725
St. Louis Cardinals,St. Louis Cardinals,1951,81,73,0.526,12,683,671
Atlanta Braves,Boston Braves,1951,76,78,0.494,61,723,662
Philadelphia Phillies,Philadelphia Phillies,1951,73,81,0.474,4,648,644
Pittsburgh Pirates,Pittsburgh Pirates,1951,64,90,0.416,-156,689,845
Chicago Cubs,Chicago Cubs,1951,62,92,0.403,-136,614,750
Los Angeles Dodgers,Brooklyn Dodgers,1952,96,57,0.627,172,775,603
New York Yankees,New York Yankees,1952,95,59,0.617,170,727,557
San Francisco Giants,New York Giants,1952,92,62,0.597,83,722,639
St. Louis Cardinals,St. Louis Cardinals,1952,88,66,0.571,47,677,630
Philadelphia Phillies,Philadelphia Phillies,1952,87,67,0.565,105,657,552
Chicago Cubs,Chicago Cubs,1952,77,77,0.5,-3,628,631
Boston Red Sox,Boston Red Sox,1952,76,78,0.494,10,668,658
Atlanta Braves,Boston Braves,1952,64,89,0.418,-82,569,651
Pittsburgh Pirates,Pittsburgh Pirates,1952,42,112,0.273,-278,515,793
Los Angeles Dodgers,Brooklyn Dodgers,1953,105,49,0.682,266,955,689
New York Yankees,New York Yankees,1953,99,52,0.656,254,801,547
Atlanta Braves,Milwaukee Braves,1953,92,62,0.597,149,738,589
Boston Red Sox,Boston Red Sox,1953,84,69,0.549,24,656,632
Philadelphia Phillies,Philadelphia Phillies,1953,83,71,0.539,50,716,666
St. Louis Cardinals,St. Louis Cardinals,1953,83,71,0.539,55,768,713
San Francisco Giants,New York Giants,1953,70,84,0.455,21,768,747
Chicago Cubs,Chicago Cubs,1953,65,89,0.422,-202,633,835
Pittsburgh Pirates,Pittsburgh Pirates,1953,50,104,0.325,-265,622,887
New York Yankees,New York Yankees,1954,103,51,0.669,242,805,563
San Francisco Giants,New York Giants,1954,97,57,0.63,182,732,550
Los Angeles Dodgers,Brooklyn Dodgers,1954,92,62,0.597,38,778,740
Atlanta Braves,Milwaukee Braves,1954,89,65,0.578,114,670,556
Philadelphia Phillies,Philadelphia Phillies,1954,75,79,0.487,45,659,614
St. Louis Cardinals,St. Louis Cardinals,1954,72,82,0.468,9,799,790
Boston Red Sox,Boston Red Sox,1954,69,85,0.448,-28,700,728
Chicago Cubs,Chicago Cubs,1954,64,90,0.416,-66,700,766
Pittsburgh Pirates,Pittsburgh Pirates,1954,53,101,0.344,-288,557,845
Los Angeles Dodgers,Brooklyn Dodgers,1955,98,55,0.641,207,857,650
New York Yankees,New York Yankees,1955,96,58,0.623,193,762,569
Atlanta Braves,Milwaukee Braves,1955,85,69,0.552,75,743,668
Boston Red Sox,Boston Red Sox,1955,84,70,0.545,103,755,652
San Francisco Giants,New York Giants,1955,80,74,0.519,29,702,673
Philadelphia Phillies,Philadelphia Phillies,1955,77,77,0.5,9,675,666
Chicago Cubs,Chicago Cubs,1955,72,81,0.471,-87,626,713
St. Louis Cardinals,St. Louis Cardinals,1955,68,86,0.442,-103,654,757
Pittsburgh Pirates,Pittsburgh Pirates,1955,60,94,0.39,-207,560,767
New York Yankees,New York Yankees,1956,97,57,0.63,226,857,631
Los Angeles Dodgers,Brooklyn Dodgers,1956,93,61,0.604,119,720,601
Atlanta Braves,Milwaukee Braves,1956,92,62,0.597,140,709,569
Boston Red Sox,Boston Red Sox,1956,84,70,0.545,29,780,751
St. Louis Cardinals,St. Louis Cardinals,1956,76,78,0.494,-20,678,698
Philadelphia Phillies,Philadelphia Phillies,1956,71,83,0.461,-70,668,738
San Francisco Giants,New York Giants,1956,67,87,0.435,-110,540,650
Pittsburgh Pirates,Pittsburgh Pirates,1956,66,88,0.429,-65,588,653
Chicago Cubs,Chicago Cubs,1956,60,94,0.39,-111,597,708
New York Yankees,New York Yankees,1957,98,56,0.636,189,723,534
Atlanta Braves,Milwaukee Braves,1957,95,59,0.617,159,772,613
St. Louis Cardinals,St. Louis Cardinals,1957,87,67,0.565,71,737,666
Los Angeles Dodgers,Brooklyn Dodgers,1957,84,70,0.545,99,690,591
Boston Red Sox,Boston Red Sox,1957,82,72,0.532,53,721,668
Philadelphia Phillies,Philadelphia Phillies,1957,77,77,0.5,-33,623,656
San Francisco Giants,New York Giants,1957,69,85,0.448,-58,643,701
Chicago Cubs,Chicago Cubs,1957,62,92,0.403,-94,628,722
Pittsburgh Pirates,Pittsburgh Pirates,1957,62,92,0.403,-110,586,696
Atlanta Braves,Milwaukee Braves,1958,92,62,0.597,134,675,541
New York Yankees,New York Yankees,1958,92,62,0.597,182,759,577
Pittsburgh Pirates,Pittsburgh Pirates,1958,84,70,0.545,55,662,607
San Francisco Giants,San Francisco Giants,1958,80,74,0.519,29,727,698
Boston Red Sox,Boston Red Sox,1958,79,75,0.513,6,697,691
Chicago Cubs,Chicago Cubs,1958,72,82,0.468,-16,709,725
St. Louis Cardinals,St. Louis Cardinals,1958,72,82,0.468,-85,619,704
Los Angeles Dodgers,Los Angeles Dodgers,1958,71,83,0.461,-93,668,761
Philadelphia Phillies,Philadelphia Phillies,1958,69,85,0.448,-98,664,762
Los Angeles Dodgers,Los Angeles Dodgers,1959,88,68,0.564,35,705,670
Atlanta Braves,Milwaukee Braves,1959,86,70,0.551,101,724,623
San Francisco Giants,San Francisco Giants,1959,83,71,0.539,92,705,613
New York Yankees,New York Yankees,1959,79,75,0.513,40,687,647
Pittsburgh Pirates,Pittsburgh Pirates,1959,78,76,0.506,-29,651,680
Boston Red Sox,Boston Red Sox,1959,75,79,0.487,30,726,696
Chicago Cubs,Chicago Cubs,1959,74,80,0.481,-15,673,688
St. Louis Cardinals,St. Louis Cardinals,1959,71,83,0.461,-84,641,725
Philadelphia Phillies,Philadelphia Phillies,1959,64,90,0.416,-126,599,725
New York Yankees,New York Yankees,1960,97,57,0.63,119,746,627
Pittsburgh Pirates,Pittsburgh Pirates,1960,95,59,0.617,141,734,593
Atlanta Braves,Milwaukee Braves,1960,88,66,0.571,66,724,658
St. Louis Cardinals,St. Louis Cardinals,1960,86,68,0.558,23,639,616
Los Angeles Dodgers,Los Angeles Dodgers,1960,82,72,0.532,69,662,593
San Francisco Giants,San Francisco Giants,1960,79,75,0.513,40,671,631
Boston Red Sox,Boston Red Sox,1960,65,89,0.422,-117,658,775
Chicago Cubs,Chicago Cubs,1960,60,94,0.39,-142,634,776
Philadelphia Phillies,Philadelphia Phillies,1960,59,95,0.383,-145,546,691
New York Yankees,New York Yankees,1961,109,53,0.673,215,827,612
Los Angeles Dodgers,Los Angeles Dodgers,1961,89,65,0.578,38,735,697
San Francisco Giants,San Francisco Giants,1961,85,69,0.552,118,773,655
Atlanta Braves,Milwaukee Braves,1961,83,71,0.539,56,712,656
St. Louis Cardinals,St. Louis Cardinals,1961,80,74,0.519,35,703,668
Pittsburgh Pirates,Pittsburgh Pirates,1961,75,79,0.487,19,694,675
Boston Red Sox,Boston Red Sox,1961,76,86,0.469,-63,729,792
Chicago Cubs,Chicago Cubs,1961,64,90,0.416,-111,689,800
Philadelphia Phillies,Philadelphia Phillies,1961,47,107,0.305,-212,584,796
San Francisco Giants,San Francisco Giants,1962,102,61,0.626,187,865,678
Los Angeles Dodgers,Los Angeles Dodgers,1962,101,62,0.62,146,830,684
New York Yankees,New York Yankees,1962,96,66,0.593,137,817,680
Pittsburgh Pirates,Pittsburgh Pirates,1962,93,68,0.578,80,706,626
Atlanta Braves,Milwaukee Braves,1962,86,76,0.531,65,730,665
St. Louis Cardinals,St. Louis Cardinals,1962,84,78,0.519,110,774,664
Philadelphia Phillies,Philadelphia Phillies,1962,81,80,0.503,-54,705,759
Boston Red Sox,Boston Red Sox,1962,76,84,0.475,-49,707,756
Chicago Cubs,Chicago Cubs,1962,59,103,0.364,-195,632,827
New York Mets,New York Mets,1962,40,120,0.25,-331,617,948
New York Yankees,New York Yankees,1963,104,57,0.646,167,714,547
Los Angeles Dodgers,Los Angeles Dodgers,1963,99,63,0.611,90,640,550
St. Louis Cardinals,St. Louis Cardinals,1963,93,69,0.574,119,747,628
San Francisco Giants,San Francisco Giants,1963,88,74,0.543,84,725,641
Philadelphia Phillies,Philadelphia Phillies,1963,87,75,0.537,64,642,578
Atlanta Braves,Milwaukee Braves,1963,84,78,0.519,74,677,603
Chicago Cubs,Chicago Cubs,1963,82,80,0.506,-8,570,578
Boston Red Sox,Boston Red Sox,1963,76,85,0.472,-38,666,704
Pittsburgh Pirates,Pittsburgh Pirates,1963,74,88,0.457,-28,567,595
New York Mets,New York Mets,1963,51,111,0.315,-273,501,774
New York Yankees,New York Yankees,1964,99,63,0.611,153,730,577
St. Louis Cardinals,St. Louis Cardinals,1964,93,69,0.574,63,715,652
Philadelphia Phillies,Philadelphia Phillies,1964,92,70,0.568,61,693,632
San Francisco Giants,San Francisco Giants,1964,90,72,0.556,69,656,587
Atlanta Braves,Milwaukee Braves,1964,88,74,0.543,59,803,744
Los Angeles Dodgers,Los Angeles Dodgers,1964,80,82,0.494,42,614,572
Pittsburgh Pirates,Pittsburgh Pirates,1964,80,82,0.494,27,663,636
Chicago Cubs,Chicago Cubs,1964,76,86,0.469,-75,649,724
Boston Red Sox,Boston Red Sox,1964,72,90,0.444,-105,688,793
New York Mets,New York Mets,1964,53,109,0.327,-207,569,776
Los Angeles Dodgers,Los Angeles Dodgers,1965,97,65,0.599,87,608,521
San Francisco Giants,San Francisco Giants,1965,95,67,0.586,89,682,593
Pittsburgh Pirates,Pittsburgh Pirates,1965,90,72,0.556,95,675,580
Atlanta Braves,Milwaukee Braves,1965,86,76,0.531,75,708,633
Philadelphia Phillies,Philadelphia Phillies,1965,85,76,0.528,-13,654,667
St. Louis Cardinals,St. Louis Cardinals,1965,80,81,0.497,33,707,674
New York Yankees,New York Yankees,1965,77,85,0.475,7,611,604
Chicago Cubs,Chicago Cubs,1965,72,90,0.444,-88,635,723
Boston Red Sox,Boston Red Sox,1965,62,100,0.383,-122,669,791
New York Mets,New York Mets,1965,50,112,0.309,-257,495,752
Los Angeles Dodgers,Los Angeles Dodgers,1966,95,67,0.586,116,606,490
San Francisco Giants,San Francisco Giants,1966,93,68,0.578,49,675,626
Pittsburgh Pirates,Pittsburgh Pirates,1966,92,70,0.568,118,759,641
Philadelphia Phillies,Philadelphia Phillies,1966,87,75,0.537,56,696,640
Atlanta Braves,Atlanta Braves,1966,85,77,0.525,99,782,683
St. Louis Cardinals,St. Louis Cardinals,1966,83,79,0.512,-6,571,577
Boston Red Sox,Boston Red Sox,1966,72,90,0.444,-76,655,731
New York Yankees,New York Yankees,1966,70,89,0.44,-1,611,612
New York Mets,New York Mets,1966,66,95,0.41,-174,587,761
Chicago Cubs,Chicago Cubs,1966,59,103,0.364,-165,644,809
St. Louis Cardinals,St. Louis Cardinals,1967,101,60,0.627,138,695,557
Boston Red Sox,Boston Red Sox,1967,92,70,0.568,108,722,614
San Francisco Giants,San Francisco Giants,1967,91,71,0.562,101,652,551
Chicago Cubs,Chicago Cubs,1967,87,74,0.54,78,702,624
Philadelphia Phillies,Philadelphia Phillies,1967,82,80,0.506,31,612,581
Pittsburgh Pirates,Pittsburgh Pirates,1967,81,81,0.5,-14,679,693
Atlanta Braves,Atlanta Braves,1967,77,85,0.475,-9,631,640
Los Angeles Dodgers,Los Angeles Dodgers,1967,73,89,0.451,-76,519,595
New York Yankees,New York Yankees,1967,72,90,0.444,-99,522,621
New York Mets,New York Mets,1967,61,101,0.377,-174,498,672
St. Louis Cardinals,St. Louis Cardinals,1968,97,65,0.599,111,583,472
San Francisco Giants,San Francisco Giants,1968,88,74,0.543,70,599,529
Boston Red Sox,Boston Red Sox,1968,86,76,0.531,3,614,611
Chicago Cubs,Chicago Cubs,1968,84,78,0.519,1,612,611
New York Yankees,New York Yankees,1968,83,79,0.512,5,536,531
Atlanta Braves,Atlanta Braves,1968,81,81,0.5,-35,514,549
Pittsburgh Pirates,Pittsburgh Pirates,1968,80,82,0.494,51,583,532
Los Angeles Dodgers,Los Angeles Dodgers,1968,76,86,0.469,-39,470,509
Philadelphia Phillies,Philadelphia Phillies,1968,76,86,0.469,-72,543,615
New York Mets,New York Mets,1968,73,89,0.451,-26,473,499
New York Mets,New York Mets,1969,100,62,0.617,91,632,541
Atlanta Braves,Atlanta Braves,1969,93,69,0.574,60,691,631
Chicago Cubs,Chicago Cubs,1969,92,70,0.568,109,720,611
San Francisco Giants,San Francisco Giants,1969,90,72,0.556,77,713,636
Pittsburgh Pirates,Pittsburgh Pirates,1969,88,74,0.543,73,725,652
Boston Red Sox,Boston Red Sox,1969,87,75,0.537,7,743,736
St. Louis Cardinals,St. Louis Cardinals,1969,87,75,0.537,55,595,540
Los Angeles Dodgers,Los Angeles Dodgers,1969,85,77,0.525,84,645,561
New York Yankees,New York Yankees,1969,80,81,0.497,-25,562,587
Philadelphia Phillies,Philadelphia Phillies,1969,63,99,0.389,-100,645,745
New York Yankees,New York Yankees,1970,93,69,0.574,68,680,612
Pittsburgh Pirates,Pittsburgh Pirates,1970,89,73,0.549,65,729,664
Los Angeles Dodgers,Los Angeles Dodgers,1970,87,74,0.54,65,749,684
Boston Red Sox,Boston Red Sox,1970,87,75,0.537,64,786,722
San Francisco Giants,San Francisco Giants,1970,86,76,0.531,5,831,826
Chicago Cubs,Chicago Cubs,1970,84,78,0.519,127,806,679
New York Mets,New York Mets,1970,83,79,0.512,65,695,630
Atlanta Braves,Atlanta Braves,1970,76,86,0.469,-36,736,772
St. Louis Cardinals,St. Louis Cardinals,1970,76,86,0.469,-3,744,747
Philadelphia Phillies,Philadelphia Phillies,1970,73,88,0.453,-136,594,730
Pittsburgh Pirates,Pittsburgh Pirates,1971,97,65,0.599,189,788,599
San Francisco Giants,San Francisco Giants,1971,90,72,0.556,62,706,644
St. Louis Cardinals,St. Louis Cardinals,1971,90,72,0.556,40,739,699
Los Angeles Dodgers,Los Angeles Dodgers,1971,89,73,0.549,76,663,587
Boston Red Sox,Boston Red Sox,1971,85,77,0.525,24,691,667
Chicago Cubs,Chicago Cubs,1971,83,79,0.512,-11,637,648
New York Mets,New York Mets,1971,83,79,0.512,38,588,550
Atlanta Braves,Atlanta Braves,1971,82,80,0.506,-56,643,699
New York Yankees,New York Yankees,1971,82,80,0.506,7,648,641
Philadelphia Phillies,Philadelphia Phillies,1971,67,95,0.414,-130,558,688
Pittsburgh Pirates,Pittsburgh Pirates,1972,96,59,0.619,179,691,512
Boston Red Sox,Boston Red Sox,1972,85,70,0.548,20,640,620
Chicago Cubs,Chicago Cubs,1972,85,70,0.548,118,685,567
Los Angeles Dodgers,Los Angeles Dodgers,1972,85,70,0.548,57,584,527
New York Mets,New York Mets,1972,83,73,0.532,-50,528,578
New York Yankees,New York Yankees,1972,79,76,0.51,30,557,527
St. Louis Cardinals,St. Louis Cardinals,1972,75,81,0.481,-32,568,600
Atlanta Braves,Atlanta Braves,1972,70,84,0.455,-102,628,730
San Francisco Giants,San Francisco Giants,1972,69,86,0.445,13,662,649
Philadelphia Phillies,Philadelphia Phillies,1972,59,97,0.378,-132,503,635
Los Angeles Dodgers,Los Angeles Dodgers,1973,95,66,0.59,110,675,565
Boston Red Sox,Boston Red Sox,1973,89,73,0.549,91,738,647
San Francisco Giants,San Francisco Giants,1973,88,74,0.543,37,739,702
New York Mets,New York Mets,1973,82,79,0.509,20,608,588
St. Louis Cardinals,St. Louis Cardinals,1973,81,81,0.5,40,643,603
New York Yankees,New York Yankees,1973,80,82,0.494,31,641,610
Pittsburgh Pirates,Pittsburgh Pirates,1973,80,82,0.494,11,704,693
Chicago Cubs,Chicago Cubs,1973,77,84,0.478,-41,614,655
Atlanta Braves,Atlanta Braves,1973,76,85,0.472,25,799,774
Philadelphia Phillies,Philadelphia Phillies,1973,71,91,0.438,-75,642,717
Los Angeles Dodgers,Los Angeles Dodgers,1974,102,60,0.63,237,798,561
New York Yankees,New York Yankees,1974,89,73,0.549,48,671,623
Atlanta Braves,Atlanta Braves,1974,88,74,0.543,98,661,563
Pittsburgh Pirates,Pittsburgh Pirates,1974,88,74,0.543,94,751,657
St. Louis Cardinals,St. Louis Cardinals,1974,86,75,0.534,34,677,643
Boston Red Sox,Boston Red Sox,1974,84,78,0.519,35,696,661
Philadelphia Phillies,Philadelphia Phillies,1974,80,82,0.494,-25,676,701
San Francisco Giants,San Francisco Giants,1974,72,90,0.444,-89,634,723
New York Mets,New York Mets,1974,71,91,0.438,-74,572,646
Chicago Cubs,Chicago Cubs,1974,66,96,0.407,-157,669,826
Boston Red Sox,Boston Red Sox,1975,95,65,0.594,87,796,709
Pittsburgh Pirates,Pittsburgh Pirates,1975,92,69,0.571,147,712,565
Los Angeles Dodgers,Los Angeles Dodgers,1975,88,74,0.543,114,648,534
Philadelphia Phillies,Philadelphia Phillies,1975,86,76,0.531,41,735,694
New York Yankees,New York Yankees,1975,83,77,0.519,93,681,588
New York Mets,New York Mets,1975,82,80,0.506,21,646,625
St. Louis Cardinals,St. Louis Cardinals,1975,82,80,0.506,-27,662,689
San Francisco Giants,San Francisco Giants,1975,80,81,0.497,-12,659,671
Chicago Cubs,Chicago Cubs,1975,75,87,0.463,-115,712,827
Atlanta Braves,Atlanta Braves,1975,67,94,0.416,-156,583,739
Philadelphia Phillies,Philadelphia Phillies,1976,101,61,0.623,213,770,557
New York Yankees,New York Yankees,1976,97,62,0.61,155,730,575
Los Angeles Dodgers,Los Angeles Dodgers,1976,92,70,0.568,65,608,543
Pittsburgh Pirates,Pittsburgh Pirates,1976,92,70,0.568,78,708,630
New York Mets,New York Mets,1976,86,76,0.531,77,615,538
Boston Red Sox,Boston Red Sox,1976,83,79,0.512,56,716,660
Chicago Cubs,Chicago Cubs,1976,75,87,0.463,-117,611,728
San Francisco Giants,San Francisco Giants,1976,74,88,0.457,-91,595,686
St. Louis Cardinals,St. Louis Cardinals,1976,72,90,0.444,-42,629,671
Atlanta Braves,Atlanta Braves,1976,70,92,0.432,-80,620,700
Philadelphia Phillies,Philadelphia Phillies,1977,101,61,0.623,179,847,668
New York Yankees,New York Yankees,1977,100,62,0.617,180,831,651
Los Angeles Dodgers,Los Angeles Dodgers,1977,98,64,0.605,187,769,582
Boston Red Sox,Boston Red Sox,1977,97,64,0.602,147,859,712
Pittsburgh Pirates,Pittsburgh Pirates,1977,96,66,0.593,69,734,665
St. Louis Cardinals,St. Louis Cardinals,1977,83,79,0.512,49,737,688
Chicago Cubs,Chicago Cubs,1977,81,81,0.5,-47,692,739
San Francisco Giants,San Francisco Giants,1977,75,87,0.463,-38,673,711
New York Mets,New York Mets,1977,64,98,0.395,-76,587,663
Atlanta Braves,Atlanta Braves,1977,61,101,0.377,-217,678,895
New York Yankees,New York Yankees,1978,100,63,0.613,153,735,582
Boston Red Sox,Boston Red Sox,1978,99,64,0.607,139,796,657
Los Angeles Dodgers,Los Angeles Dodgers,1978,95,67,0.586,154,727,573
Philadelphia Phillies,Philadelphia Phillies,1978,90,72,0.556,122,708,586
San Francisco Giants,San Francisco Giants,1978,89,73,0.549,19,613,594
Pittsburgh Pirates,Pittsburgh Pirates,1978,88,73,0.547,47,684,637
Chicago Cubs,Chicago Cubs,1978,79,83,0.488,-60,664,724
Atlanta Braves,Atlanta Braves,1978,69,93,0.426,-150,600,750
St. Louis Cardinals,St. Louis Cardinals,1978,69,93,0.426,-57,600,657
New York Mets,New York Mets,1978,66,96,0.407,-83,607,690
Pittsburgh Pirates,Pittsburgh Pirates,1979,98,64,0.605,132,775,643
Boston Red Sox,Boston Red Sox,1979,91,69,0.569,130,841,711
New York Yankees,New York Yankees,1979,89,71,0.556,62,734,672
St. Louis Cardinals,St. Louis Cardinals,1979,86,76,0.531,38,731,693
Philadelphia Phillies,Philadelphia Phillies,1979,84,78,0.519,-35,683,718
Chicago Cubs,Chicago Cubs,1979,80,82,0.494,-1,706,707
Los Angeles Dodgers,Los Angeles Dodgers,1979,79,83,0.488,22,739,717
San Francisco Giants,San Francisco Giants,1979,71,91,0.438,-79,672,751
Atlanta Braves,Atlanta Braves,1979,66,94,0.413,-94,669,763
New York Mets,New York Mets,1979,63,99,0.389,-113,593,706
New York Yankees,New York Yankees,1980,103,59,0.636,158,820,662
Los Angeles Dodgers,Los Angeles Dodgers,1980,92,71,0.564,72,663,591
Philadelphia Phillies,Philadelphia Phillies,1980,91,71,0.562,89,728,639
Boston Red Sox,Boston Red Sox,1980,83,77,0.519,-10,757,767
Pittsburgh Pirates,Pittsburgh Pirates,1980,83,79,0.512,20,666,646
Atlanta Braves,Atlanta Braves,1980,81,80,0.503,-30,630,660
San Francisco Giants,San Francisco Giants,1980,75,86,0.466,-61,573,634
St. Louis Cardinals,St. Louis Cardinals,1980,74,88,0.457,28,738,710
New York Mets,New York Mets,1980,67,95,0.414,-91,611,702
Chicago Cubs,Chicago Cubs,1980,64,98,0.395,-114,614,728
St. Louis Cardinals,St. Louis Cardinals,1981,59,43,0.578,47,464,417
Los Angeles Dodgers,Los Angeles Dodgers,1981,63,47,0.573,94,450,356
New York Yankees,New York Yankees,1981,59,48,0.551,78,421,343
Philadelphia Phillies,Philadelphia Phillies,1981,59,48,0.551,19,491,472
Boston Red Sox,Boston Red Sox,1981,59,49,0.546,38,519,481
San Francisco Giants,San Francisco Giants,1981,56,55,0.505,13,427,414
Atlanta Braves,Atlanta Braves,1981,50,56,0.472,-21,395,416
Pittsburgh Pirates,Pittsburgh Pirates,1981,46,56,0.451,-18,407,425
New York Mets,New York Mets,1981,41,62,0.398,-84,348,432
Chicago Cubs,Chicago Cubs,1981,38,65,0.369,-113,370,483
St. Louis Cardinals,St. Louis Cardinals,1982,92,70,0.568,76,685,609
Atlanta Braves,Atlanta Braves,1982,89,73,0.549,37,739,702
Boston Red Sox,Boston Red Sox,1982,89,73,0.549,40,753,713
Philadelphia Phillies,Philadelphia Phillies,1982,89,73,0.549,10,664,654
Los Angeles Dodgers,Los Angeles Dodgers,1982,88,74,0.543,79,691,612
San Francisco Giants,San Francisco Giants,1982,87,75,0.537,-14,673,687
Pittsburgh Pirates,Pittsburgh Pirates,1982,84,78,0.519,28,724,696
New York Yankees,New York Yankees,1982,79,83,0.488,-7,709,716
Chicago Cubs,Chicago Cubs,1982,73,89,0.451,-33,676,709
New York Mets,New York Mets,1982,65,97,0.401,-114,609,723
Los Angeles Dodgers,Los Angeles Dodgers,1983,91,71,0.562,45,654,609
New York Yankees,New York Yankees,1983,91,71,0.562,67,770,703
Philadelphia Phillies,Philadelphia Phillies,1983,90,72,0.556,61,696,635
Atlanta Braves,Atlanta Braves,1983,88,74,0.543,106,746,640
Pittsburgh Pirates,Pittsburgh Pirates,1983,84,78,0.519,11,659,648
San Francisco Giants,San Francisco Giants,1983,79,83,0.488,-10,687,697
St. Louis Cardinals,St. Louis Cardinals,1983,79,83,0.488,-31,679,710
Boston Red Sox,Boston Red Sox,1983,78,84,0.481,-51,724,775
Chicago Cubs,Chicago Cubs,1983,71,91,0.438,-18,701,719
New York Mets,New York Mets,1983,68,94,0.42,-105,575,680
Chicago Cubs,Chicago Cubs,1984,96,65,0.596,104,762,658
New York Mets,New York Mets,1984,90,72,0.556,-24,652,676
New York Yankees,New York Yankees,1984,87,75,0.537,79,758,679
Boston Red Sox,Boston Red Sox,1984,86,76,0.531,46,810,764
St. Louis Cardinals,St. Louis Cardinals,1984,84,78,0.519,7,652,645
Philadelphia Phillies,Philadelphia Phillies,1984,81,81,0.5,30,720,690
Atlanta Braves,Atlanta Braves,1984,80,82,0.494,-23,632,655
Los Angeles Dodgers,Los Angeles Dodgers,1984,79,83,0.488,-20,580,600
Pittsburgh Pirates,Pittsburgh Pirates,1984,75,87,0.463,48,615,567
San Francisco Giants,San Francisco Giants,1984,66,96,0.407,-125,682,807
St. Louis Cardinals,St. Louis Cardinals,1985,101,61,0.623,175,747,572
New York Mets,New York Mets,1985,98,64,0.605,127,695,568
New York Yankees,New York Yankees,1985,97,64,0.602,179,839,660
Los Angeles Dodgers,Los Angeles Dodgers,1985,95,67,0.586,103,682,579
Boston Red Sox,Boston Red Sox,1985,81,81,0.5,80,800,720
Chicago Cubs,Chicago Cubs,1985,77,84,0.478,-43,686,729
Philadelphia Phillies,Philadelphia Phillies,1985,75,87,0.463,-6,667,673
Atlanta Braves,Atlanta Braves,1985,66,96,0.407,-149,632,781
San Francisco Giants,San Francisco Giants,1985,62,100,0.383,-118,556,674
Pittsburgh Pirates,Pittsburgh Pirates,1985,57,104,0.354,-140,568,708
New York Mets,New York Mets,1986,108,54,0.667,205,783,578
Boston Red Sox,Boston Red Sox,1986,95,66,0.59,98,794,696
New York Yankees,New York Yankees,1986,90,72,0.556,59,797,738
Philadelphia Phillies,Philadelphia Phillies,1986,86,75,0.534,26,739,713
San Francisco Giants,San Francisco Giants,1986,83,79,0.512,80,698,618
St. Louis Cardinals,St. Louis Cardinals,1986,79,82,0.491,-10,601,611
Los Angeles Dodgers,Los Angeles Dodgers,1986,73,89,0.451,-41,638,679
Atlanta Braves,Atlanta Braves,1986,72,89,0.447,-104,615,719
Chicago Cubs,Chicago Cubs,1986,70,90,0.438,-101,680,781
Pittsburgh Pirates,Pittsburgh Pirates,1986,64,98,0.395,-37,663,700
St. Louis Cardinals,St. Louis Cardinals,1987,95,67,0.586,105,798,693
New York Mets,New York Mets,1987,92,70,0.568,125,823,698
San Francisco Giants,San Francisco Giants,1987,90,72,0.556,114,783,669
New York Yankees,New York Yankees,1987,89,73,0.549,30,788,758
Philadelphia Phillies,Philadelphia Phillies,1987,80,82,0.494,-47,702,749
Pittsburgh Pirates,Pittsburgh Pirates,1987,80,82,0.494,-21,723,744
Boston Red Sox,Boston Red Sox,1987,78,84,0.481,17,842,825
Chicago Cubs,Chicago Cubs,1987,76,85,0.472,-81,720,801
Los Angeles Dodgers,Los Angeles Dodgers,1987,73,89,0.451,-40,635,675
Atlanta Braves,Atlanta Braves,1987,69,92,0.429,-82,747,829
New York Mets,New York Mets,1988,100,60,0.625,171,703,532
Los Angeles Dodgers,Los Angeles Dodgers,1988,94,67,0.584,84,628,544
Boston Red Sox,Boston Red Sox,1988,89,73,0.549,124,813,689
Pittsburgh Pirates,Pittsburgh Pirates,1988,85,75,0.531,35,651,616
New York Yankees,New York Yankees,1988,85,76,0.528,24,772,748
San Francisco Giants,San Francisco Giants,1988,83,79,0.512,44,670,626
Chicago Cubs,Chicago Cubs,1988,77,85,0.475,-34,660,694
St. Louis Cardinals,St. Louis Cardinals,1988,76,86,0.469,-55,578,633
Philadelphia Phillies,Philadelphia Phillies,1988,65,96,0.404,-137,597,734
Atlanta Braves,Atlanta Braves,1988,54,106,0.338,-186,555,741
Chicago Cubs,Chicago Cubs,1989,93,69,0.574,79,702,623
San Francisco Giants,San Francisco Giants,1989,92,70,0.568,99,699,600
New York Mets,New York Mets,1989,87,75,0.537,88,683,595
St. Louis Cardinals,St. Louis Cardinals,1989,86,76,0.531,24,632,608
Boston Red Sox,Boston Red Sox,1989,83,79,0.512,39,774,735
Los Angeles Dodgers,Los Angeles Dodgers,1989,77,83,0.481,18,554,536
New York Yankees,New York Yankees,1989,74,87,0.46,-94,698,792
Pittsburgh Pirates,Pittsburgh Pirates,1989,74,88,0.457,-43,637,680
Philadelphia Phillies,Philadelphia Phillies,1989,67,95,0.414,-106,629,735
Atlanta Braves,Atlanta Braves,1989,63,97,0.394,-96,584,680
Pittsburgh Pirates,Pittsburgh Pirates,1990,95,67,0.586,114,733,619
New York Mets,New York Mets,1990,91,71,0.562,162,775,613
Boston Red Sox,Boston Red Sox,1990,88,74,0.543,35,699,664
Los Angeles Dodgers,Los Angeles Dodgers,1990,86,76,0.531,43,728,685
San Francisco Giants,San Francisco Giants,1990,85,77,0.525,9,719,710
Chicago Cubs,Chicago Cubs,1990,77,85,0.475,-84,690,774
Philadelphia Phillies,Philadelphia Phillies,1990,77,85,0.475,-83,646,729
St. Louis Cardinals,St. Louis Cardinals,1990,70,92,0.432,-99,599,698
New York Yankees,New York Yankees,1990,67,95,0.414,-146,603,749
Atlanta Braves,Atlanta Braves,1990,65,97,0.401,-139,682,821
Pittsburgh Pirates,Pittsburgh Pirates,1991,98,64,0.605,136,768,632
Atlanta Braves,Atlanta Braves,1991,94,68,0.58,105,749,644
Los Angeles Dodgers,Los Angeles Dodgers,1991,93,69,0.574,100,665,565
Boston Red Sox,Boston Red Sox,1991,84,78,0.519,19,731,712
St. Louis Cardinals,St. Louis Cardinals,1991,84,78,0.519,3,651,648
Philadelphia Phillies,Philadelphia Phillies,1991,78,84,0.481,-51,629,680
Chicago Cubs,Chicago Cubs,1991,77,83,0.481,-39,695,734
New York Mets,New York Mets,1991,77,84,0.478,-6,640,646
San Francisco Giants,San Francisco Giants,1991,75,87,0.463,-48,649,697
New York Yankees,New York Yankees,1991,71,91,0.438,-103,674,777
Atlanta Braves,Atlanta Braves,1992,98,64,0.605,113,682,569
Pittsburgh Pirates,Pittsburgh Pirates,1992,96,66,0.593,98,693,595
St. Louis Cardinals,St. Louis Cardinals,1992,83,79,0.512,27,631,604
Chicago Cubs,Chicago Cubs,1992,78,84,0.481,-31,593,624
New York Yankees,New York Yankees,1992,76,86,0.469,-13,733,746
Boston Red Sox,Boston Red Sox,1992,73,89,0.451,-70,599,669
New York Mets,New York Mets,1992,72,90,0.444,-54,599,653
San Francisco Giants,San Francisco Giants,1992,72,90,0.444,-73,574,647
Philadelphia Phillies,Philadelphia Phillies,1992,70,92,0.432,-31,686,717
Los Angeles Dodgers,Los Angeles Dodgers,1992,63,99,0.389,-88,548,636
Atlanta Braves,Atlanta Braves,1993,104,58,0.642,208,767,559
San Francisco Giants,San Francisco Giants,1993,103,59,0.636,172,808,636
Philadelphia Phillies,Philadelphia Phillies,1993,97,65,0.599,137,877,740
New York Yankees,New York Yankees,1993,88,74,0.543,60,821,761
St. Louis Cardinals,St. Louis Cardinals,1993,87,75,0.537,14,758,744
Chicago Cubs,Chicago Cubs,1993,84,78,0.519,-1,738,739
Los Angeles Dodgers,Los Angeles Dodgers,1993,81,81,0.5,13,675,662
Boston Red Sox,Boston Red Sox,1993,80,82,0.494,-12,686,698
Pittsburgh Pirates,Pittsburgh Pirates,1993,75,87,0.463,-99,707,806
New York Mets,New York Mets,1993,59,103,0.364,-72,672,744
New York Yankees,New York Yankees,1994,70,43,0.619,136,670,534
Atlanta Braves,Atlanta Braves,1994,68,46,0.596,94,542,448
Los Angeles Dodgers,Los Angeles Dodgers,1994,58,56,0.509,23,532,509
New York Mets,New York Mets,1994,55,58,0.487,-20,506,526
San Francisco Giants,San Francisco Giants,1994,55,60,0.478,4,504,500
Boston Red Sox,Boston Red Sox,1994,54,61,0.47,-69,552,621
Philadelphia Phillies,Philadelphia Phillies,1994,54,61,0.47,24,521,497
Pittsburgh Pirates,Pittsburgh Pirates,1994,53,61,0.465,-114,466,580
St. Louis Cardinals,St. Louis Cardinals,1994,53,61,0.465,-86,535,621
Chicago Cubs,Chicago Cubs,1994,49,64,0.434,-49,500,549
Atlanta Braves,Atlanta Braves,1995,90,54,0.625,105,645,540
Boston Red Sox,Boston Red Sox,1995,86,58,0.597,93,791,698
New York Yankees,New York Yankees,1995,79,65,0.549,61,749,688
Los Angeles Dodgers,Los Angeles Dodgers,1995,78,66,0.542,25,634,609
Chicago Cubs,Chicago Cubs,1995,73,71,0.507,22,693,671
New York Mets,New York Mets,1995,69,75,0.479,39,657,618
Philadelphia Phillies,Philadelphia Phillies,1995,69,75,0.479,-43,615,658
San Francisco Giants,San Francisco Giants,1995,67,77,0.465,-124,652,776
St. Louis Cardinals,St. Louis Cardinals,1995,62,81,0.434,-95,563,658
Pittsburgh Pirates,Pittsburgh Pirates,1995,58,86,0.403,-107,629,736
Atlanta Braves,Atlanta Braves,1996,96,66,0.593,125,773,648
New York Yankees,New York Yankees,1996,92,70,0.568,84,871,787
Los Angeles Dodgers,Los Angeles Dodgers,1996,90,72,0.556,51,703,652
St. Louis Cardinals,St. Louis Cardinals,1996,88,74,0.543,53,759,706
Boston Red Sox,Boston Red Sox,1996,85,77,0.525,7,928,921
Chicago Cubs,Chicago Cubs,1996,76,86,0.469,1,772,771
Pittsburgh Pirates,Pittsburgh Pirates,1996,73,89,0.451,-57,776,833
New York Mets,New York Mets,1996,71,91,0.438,-33,746,779
San Francisco Giants,San Francisco Giants,1996,68,94,0.42,-110,752,862
Philadelphia Phillies,Philadelphia Phillies,1996,67,95,0.414,-140,650,790
Atlanta Braves,Atlanta Braves,1997,101,61,0.623,210,791,581
New York Yankees,New York Yankees,1997,96,66,0.593,203,891,688
San Francisco Giants,San Francisco Giants,1997,90,72,0.556,-9,784,793
Los Angeles Dodgers,Los Angeles Dodgers,1997,88,74,0.543,97,742,645
New York Mets,New York Mets,1997,88,74,0.543,68,777,709
Pittsburgh Pirates,Pittsburgh Pirates,1997,79,83,0.488,-35,725,760
Boston Red Sox,Boston Red Sox,1997,78,84,0.481,-6,851,857
St. Louis Cardinals,St. Louis Cardinals,1997,73,89,0.451,-19,689,708
Chicago Cubs,Chicago Cubs,1997,68,94,0.42,-72,687,759
Philadelphia Phillies,Philadelphia Phillies,1997,68,94,0.42,-172,668,840
New York Yankees,New York Yankees,1998,114,48,0.704,309,965,656
Atlanta Braves,Atlanta Braves,1998,106,56,0.654,245,826,581
Boston Red Sox,Boston Red Sox,1998,92,70,0.568,147,876,729
Chicago Cubs,Chicago Cubs,1998,90,73,0.552,39,831,792
San Francisco Giants,San Francisco Giants,1998,89,74,0.546,106,845,739
New York Mets,New York Mets,1998,88,74,0.543,61,706,645
Los Angeles Dodgers,Los Angeles Dodgers,1998,83,79,0.512,-9,669,678
St. Louis Cardinals,St. Louis Cardinals,1998,83,79,0.512,28,810,782
Philadelphia Phillies,Philadelphia Phillies,1998,75,87,0.463,-95,713,808
Pittsburgh Pirates,Pittsburgh Pirates,1998,69,93,0.426,-68,650,718
Atlanta Braves,Atlanta Braves,1999,103,59,0.636,179,840,661
New York Yankees,New York Yankees,1999,98,64,0.605,169,900,731
New York Mets,New York Mets,1999,97,66,0.595,142,853,711
Boston Red Sox,Boston Red Sox,1999,94,68,0.58,118,836,718
San Francisco Giants,San Francisco Giants,1999,86,76,0.531,41,872,831
Pittsburgh Pirates,Pittsburgh Pirates,1999,78,83,0.484,-7,775,782
Los Angeles Dodgers,Los Angeles Dodgers,1999,77,85,0.475,6,793,787
Philadelphia Phillies,Philadelphia Phillies,1999,77,85,0.475,-5,841,846
St. Louis Cardinals,St. Louis Cardinals,1999,75,86,0.466,-29,809,838
Chicago Cubs,Chicago Cubs,1999,67,95,0.414,-173,747,920
San Francisco Giants,San Francisco Giants,2000,97,65,0.599,178,925,747
Atlanta Braves,Atlanta Braves,2000,95,67,0.586,96,810,714
St. Louis Cardinals,St. Louis Cardinals,2000,95,67,0.586,116,887,771
New York Mets,New York Mets,2000,94,68,0.58,69,807,738
New York Yankees,New York Yankees,2000,87,74,0.54,57,871,814
Los Angeles Dodgers,Los Angeles Dodgers,2000,86,76,0.531,69,798,729
Boston Red Sox,Boston Red Sox,2000,85,77,0.525,47,792,745
Pittsburgh Pirates,Pittsburgh Pirates,2000,69,93,0.426,-95,793,888
Chicago Cubs,Chicago Cubs,2000,65,97,0.401,-140,764,904
Philadelphia Phillies,Philadelphia Phillies,2000,65,97,0.401,-122,708,830
New York Yankees,New York Yankees,2001,95,65,0.594,91,804,713
St. Louis Cardinals,St. Louis Cardinals,2001,93,69,0.574,130,814,684
San Francisco Giants,San Francisco Giants,2001,90,72,0.556,51,799,748
Atlanta Braves,Atlanta Braves,2001,88,74,0.543,86,729,643
Chicago Cubs,Chicago Cubs,2001,88,74,0.543,76,777,701
Los Angeles Dodgers,Los Angeles Dodgers,2001,86,76,0.531,14,758,744
Philadelphia Phillies,Philadelphia Phillies,2001,86,76,0.531,27,746,719
Boston Red Sox,Boston Red Sox,2001,82,79,0.509,27,772,745
New York Mets,New York Mets,2001,82,80,0.506,-71,642,713
Pittsburgh Pirates,Pittsburgh Pirates,2001,62,100,0.383,-201,657,858
New York Yankees,New York Yankees,2002,103,58,0.64,200,897,697
Atlanta Braves,Atlanta Braves,2002,101,59,0.631,143,708,565
St. Louis Cardinals,St. Louis Cardinals,2002,97,65,0.599,139,787,648
San Francisco Giants,San Francisco Giants,2002,95,66,0.59,167,783,616
Boston Red Sox,Boston Red Sox,2002,93,69,0.574,194,859,665
Los Angeles Dodgers,Los Angeles Dodgers,2002,92,70,0.568,70,713,643
Philadelphia Phillies,Philadelphia Phillies,2002,80,81,0.497,-14,710,724
New York Mets,New York Mets,2002,75,86,0.466,-13,690,703
Pittsburgh Pirates,Pittsburgh Pirates,2002,72,89,0.447,-89,641,730
Chicago Cubs,Chicago Cubs,2002,67,95,0.414,-53,706,759
Atlanta Braves,Atlanta Braves,2003,101,61,0.623,167,907,740
New York Yankees,New York Yankees,2003,101,61,0.623,161,877,716
San Francisco Giants,San Francisco Giants,2003,100,61,0.621,117,755,638
Boston Red Sox,Boston Red Sox,2003,95,67,0.586,152,961,809
Chicago Cubs,Chicago Cubs,2003,88,74,0.543,41,724,683
Philadelphia Phillies,Philadelphia Phillies,2003,86,76,0.531,94,791,697
Los Angeles Dodgers,Los Angeles Dodgers,2003,85,77,0.525,18,574,556
St. Louis Cardinals,St. Louis Cardinals,2003,85,77,0.525,80,876,796
Pittsburgh Pirates,Pittsburgh Pirates,2003,75,87,0.463,-48,753,801
New York Mets,New York Mets,2003,66,95,0.41,-112,642,754
St. Louis Cardinals,St. Louis Cardinals,2004,105,57,0.648,196,855,659
New York Yankees,New York Yankees,2004,101,61,0.623,89,897,808
Boston Red Sox,Boston Red Sox,2004,98,64,0.605,181,949,768
Atlanta Braves,Atlanta Braves,2004,96,66,0.593,135,803,668
Los Angeles Dodgers,Los Angeles Dodgers,2004,93,69,0.574,77,761,684
San Francisco Giants,San Francisco Giants,2004,91,71,0.562,80,850,770
Chicago Cubs,Chicago Cubs,2004,89,73,0.549,124,789,665
Philadelphia Phillies,Philadelphia Phillies,2004,86,76,0.531,59,840,781
Pittsburgh Pirates,Pittsburgh Pirates,2004,72,89,0.447,-64,680,744
New York Mets,New York Mets,2004,71,91,0.438,-47,684,731
St. Louis Cardinals,St. Louis Cardinals,2005,100,62,0.617,171,805,634
Boston Red Sox,Boston Red Sox,2005,95,67,0.586,105,910,805
New York Yankees,New York Yankees,2005,95,67,0.586,97,886,789
Atlanta Braves,Atlanta Braves,2005,90,72,0.556,95,769,674
Philadelphia Phillies,Philadelphia Phillies,2005,88,74,0.543,81,807,726
New York Mets,New York Mets,2005,83,79,0.512,74,722,648
Chicago Cubs,Chicago Cubs,2005,79,83,0.488,-11,703,714
San Francisco Giants,San Francisco Giants,2005,75,87,0.463,-96,649,745
Los Angeles Dodgers,Los Angeles Dodgers,2005,71,91,0.438,-70,685,755
Pittsburgh Pirates,Pittsburgh Pirates,2005,67,95,0.414,-89,680,769
New York Mets,New York Mets,2006,97,65,0.599,103,834,731
New York Yankees,New York Yankees,2006,97,65,0.599,163,930,767
Los Angeles Dodgers,Los Angeles Dodgers,2006,88,74,0.543,69,820,751
Boston Red Sox,Boston Red Sox,2006,86,76,0.531,-5,820,825
Philadelphia Phillies,Philadelphia Phillies,2006,85,77,0.525,53,865,812
St. Louis Cardinals,St. Louis Cardinals,2006,83,78,0.516,19,781,762
Atlanta Braves,Atlanta Braves,2006,79,83,0.488,44,849,805
San Francisco Giants,San Francisco Giants,2006,76,85,0.472,-44,746,790
Pittsburgh Pirates,Pittsburgh Pirates,2006,67,95,0.414,-106,691,797
Chicago Cubs,Chicago Cubs,2006,66,96,0.407,-118,716,834
Boston Red Sox,Boston Red Sox,2007,96,66,0.593,210,867,657
New York Yankees,New York Yankees,2007,94,68,0.58,191,968,777
Philadelphia Phillies,Philadelphia Phillies,2007,89,73,0.549,71,892,821
New York Mets,New York Mets,2007,88,74,0.543,54,804,750
Chicago Cubs,Chicago Cubs,2007,85,77,0.525,62,752,690
Atlanta Braves,Atlanta Braves,2007,84,78,0.519,77,810,733
Los Angeles Dodgers,Los Angeles Dodgers,2007,82,80,0.506,8,735,727
St. Louis Cardinals,St. Louis Cardinals,2007,78,84,0.481,-104,725,829
San Francisco Giants,San Francisco Giants,2007,71,91,0.438,-37,683,720
Pittsburgh Pirates,Pittsburgh Pirates,2007,68,94,0.42,-122,724,846
Chicago Cubs,Chicago Cubs,2008,97,64,0.602,184,855,671
Boston Red Sox,Boston Red Sox,2008,95,67,0.586,151,845,694
Philadelphia Phillies,Philadelphia Phillies,2008,92,70,0.568,119,799,680
New York Mets,New York Mets,2008,89,73,0.549,84,799,715
New York Yankees,New York Yankees,2008,89,73,0.549,62,789,727
St. Louis Cardinals,St. Louis Cardinals,2008,86,76,0.531,54,779,725
Los Angeles Dodgers,Los Angeles Dodgers,2008,84,78,0.519,52,700,648
Atlanta Braves,Atlanta Braves,2008,72,90,0.444,-25,753,778
San Francisco Giants,San Francisco Giants,2008,72,90,0.444,-119,640,759
Pittsburgh Pirates,Pittsburgh Pirates,2008,67,95,0.414,-149,735,884
New York Yankees,New York Yankees,2009,103,59,0.636,162,915,753
Boston Red Sox,Boston Red Sox,2009,95,67,0.586,136,872,736
Los Angeles Dodgers,Los Angeles Dodgers,2009,95,67,0.586,169,780,611
Philadelphia Phillies,Philadelphia Phillies,2009,93,69,0.574,111,820,709
St. Louis Cardinals,St. Louis Cardinals,2009,91,71,0.562,90,730,640
San Francisco Giants,San Francisco Giants,2009,88,74,0.543,46,657,611
Atlanta Braves,Atlanta Braves,2009,86,76,0.531,94,735,641
Chicago Cubs,Chicago Cubs,2009,83,78,0.516,35,707,672
New York Mets,New York Mets,2009,70,92,0.432,-86,671,757
Pittsburgh Pirates,Pittsburgh Pirates,2009,62,99,0.385,-132,636,768
Philadelphia Phillies,Philadelphia Phillies,2010,97,65,0.599,132,772,640
New York Yankees,New York Yankees,2010,95,67,0.586,166,859,693
San Francisco Giants,San Francisco Giants,2010,92,70,0.568,114,697,583
Atlanta Braves,Atlanta Braves,2010,91,71,0.562,109,738,629
Boston Red Sox,Boston Red Sox,2010,89,73,0.549,74,818,744
St. Louis Cardinals,St. Louis Cardinals,2010,86,76,0.531,95,736,641
Los Angeles Dodgers,Los Angeles Dodgers,2010,80,82,0.494,-25,667,692
New York Mets,New York Mets,2010,79,83,0.488,4,656,652
Chicago Cubs,Chicago Cubs,2010,75,87,0.463,-82,685,767
Pittsburgh Pirates,Pittsburgh Pirates,2010,57,105,0.352,-279,587,866
Philadelphia Phillies,Philadelphia Phillies,2011,102,60,0.63,184,713,529
New York Yankees,New York Yankees,2011,97,65,0.599,210,867,657
Boston Red Sox,Boston Red Sox,2011,90,72,0.556,138,875,737
St. Louis Cardinals,St. Louis Cardinals,2011,90,72,0.556,70,762,692
Atlanta Braves,Atlanta Braves,2011,89,73,0.549,36,641,605
San Francisco Giants,San Francisco Giants,2011,86,76,0.531,-8,570,578
Los Angeles Dodgers,Los Angeles Dodgers,2011,82,79,0.509,32,644,612
New York Mets,New York Mets,2011,77,85,0.475,-24,718,742
Pittsburgh Pirates,Pittsburgh Pirates,2011,72,90,0.444,-102,610,712
Chicago Cubs,Chicago Cubs,2011,71,91,0.438,-102,654,756
New York Yankees,New York Yankees,2012,95,67,0.586,136,804,668
Atlanta Braves,Atlanta Braves,2012,94,68,0.58,100,700,600
San Francisco Giants,San Francisco Giants,2012,94,68,0.58,69,718,649
St. Louis Cardinals,St. Louis Cardinals,2012,88,74,0.543,117,765,648
Los Angeles Dodgers,Los Angeles Dodgers,2012,86,76,0.531,40,637,597
Philadelphia Phillies,Philadelphia Phillies,2012,81,81,0.5,4,684,680
Pittsburgh Pirates,Pittsburgh Pirates,2012,79,83,0.488,-23,651,674
New York Mets,New York Mets,2012,74,88,0.457,-59,650,709
Boston Red Sox,Boston Red Sox,2012,69,93,0.426,-72,734,806
Chicago Cubs,Chicago Cubs,2012,61,101,0.377,-146,613,759
Boston Red Sox,Boston Red Sox,2013,97,65,0.599,197,853,656
St. Louis Cardinals,St. Louis Cardinals,2013,97,65,0.599,187,783,596
Atlanta Braves,Atlanta Braves,2013,96,66,0.593,140,688,548
Pittsburgh Pirates,Pittsburgh Pirates,2013,94,68,0.58,57,634,577
Los Angeles Dodgers,Los Angeles Dodgers,2013,92,70,0.568,67,649,582
New York Yankees,New York Yankees,2013,85,77,0.525,-21,650,671
San Francisco Giants,San Francisco Giants,2013,76,86,0.469,-62,629,691
New York Mets,New York Mets,2013,74,88,0.457,-65,619,684
Philadelphia Phillies,Philadelphia Phillies,2013,73,89,0.451,-139,610,749
Chicago Cubs,Chicago Cubs,2013,66,96,0.407,-87,602,689
Los Angeles Dodgers,Los Angeles Dodgers,2014,94,68,0.58,101,718,617
St. Louis Cardinals,St. Louis Cardinals,2014,90,72,0.556,16,619,603
Pittsburgh Pirates,Pittsburgh Pirates,2014,88,74,0.543,51,682,631
San Francisco Giants,San Francisco Giants,2014,88,74,0.543,51,665,614
New York Yankees,New York Yankees,2014,84,78,0.519,-31,633,664
Atlanta Braves,Atlanta Braves,2014,79,83,0.488,-24,573,597
New York Mets,New York Mets,2014,79,83,0.488,11,629,618
Chicago Cubs,Chicago Cubs,2014,73,89,0.451,-93,614,707
Philadelphia Phillies,Philadelphia Phillies,2014,73,89,0.451,-68,619,687
Boston Red Sox,Boston Red Sox,2014,71,91,0.438,-81,634,715
St. Louis Cardinals,St. Louis Cardinals,2015,100,62,0.617,122,647,525
Pittsburgh Pirates,Pittsburgh Pirates,2015,98,64,0.605,101,697,596
Chicago Cubs,Chicago Cubs,2015,97,65,0.599,81,689,608
Los Angeles Dodgers,Los Angeles Dodgers,2015,92,70,0.568,72,667,595
New York Mets,New York Mets,2015,90,72,0.556,70,683,613
New York Yankees,New York Yankees,2015,87,75,0.537,66,764,698
San Francisco Giants,San Francisco Giants,2015,84,78,0.519,69,696,627
Boston Red Sox,Boston Red Sox,2015,78,84,0.481,-5,748,753
Atlanta Braves,Atlanta Braves,2015,67,95,0.414,-187,573,760
Philadelphia Phillies,Philadelphia Phillies,2015,63,99,0.389,-183,626,809
Chicago Cubs,Chicago Cubs,2016,103,58,0.64,252,808,556
Boston Red Sox,Boston Red Sox,2016,93,69,0.574,184,878,694
Los Angeles Dodgers,Los Angeles Dodgers,2016,91,71,0.562,87,725,638
New York Mets,New York Mets,2016,87,75,0.537,54,671,617
San Francisco Giants,San Francisco Giants,2016,87,75,0.537,84,715,631
St. Louis Cardinals,St. Louis Cardinals,2016,86,76,0.531,67,779,712
New York Yankees,New York Yankees,2016,84,78,0.519,-22,680,702
Pittsburgh Pirates,Pittsburgh Pirates,2016,78,83,0.484,-29,729,758
Philadelphia Phillies,Philadelphia Phillies,2016,71,91,0.438,-186,610,796
Atlanta Braves,Atlanta Braves,2016,68,93,0.422,-130,649,779
Los Angeles Dodgers,Los Angeles Dodgers,2017,104,58,0.642,190,770,580
Boston Red Sox,Boston Red Sox,2017,93,69,0.574,117,785,668
Chicago Cubs,Chicago Cubs,2017,92,70,0.568,127,822,695
New York Yankees,New York Yankees,2017,91,71,0.562,198,858,660
St. Louis Cardinals,St. Louis Cardinals,2017,83,79,0.512,56,761,705
Pittsburgh Pirates,Pittsburgh Pirates,2017,75,87,0.463,-63,668,731
Atlanta Braves,Atlanta Braves,2017,72,90,0.444,-89,732,821
New York Mets,New York Mets,2017,70,92,0.432,-128,735,863
Philadelphia Phillies,Philadelphia Phillies,2017,66,96,0.407,-92,690,782
San Francisco Giants,San Francisco Giants,2017,64,98,0.395,-137,639,776
Boston Red Sox,Boston Red Sox,2018,108,54,0.667,229,876,647
New York Yankees,New York Yankees,2018,100,62,0.617,182,851,669
Chicago Cubs,Chicago Cubs,2018,95,68,0.583,116,761,645
Los Angeles Dodgers,Los Angeles Dodgers,2018,92,71,0.564,194,804,610
Atlanta Braves,Atlanta Braves,2018,90,72,0.556,102,759,657
St. Louis Cardinals,St. Louis Cardinals,2018,88,74,0.543,68,759,691
Pittsburgh Pirates,Pittsburgh Pirates,2018,82,79,0.509,-1,692,693
Philadelphia Phillies,Philadelphia Phillies,2018,80,82,0.494,-51,677,728
New York Mets,New York Mets,2018,77,85,0.475,-31,676,707
San Francisco Giants,San Francisco Giants,2018,73,89,0.451,-96,603,699
Los Angeles Dodgers,Los Angeles Dodgers,2019,106,56,0.654,273,886,613
New York Yankees,New York Yankees,2019,103,59,0.636,204,943,739
Atlanta Braves,Atlanta Braves,2019,97,65,0.599,112,855,743
St. Louis Cardinals,St. Louis Cardinals,2019,91,71,0.562,102,764,662
New York Mets,New York Mets,2019,86,76,0.531,54,791,737
Boston Red Sox,Boston Red Sox,2019,84,78,0.519,73,901,828
Chicago Cubs,Chicago Cubs,2019,84,78,0.519,97,814,717
Philadelphia Phillies,Philadelphia Phillies,2019,81,81,0.5,-20,774,794
San Francisco Giants,San Francisco Giants,2019,77,85,0.475,-95,678,773
Pittsburgh Pirates,Pittsburgh Pirates,2019,69,93,0.426,-153,758,911
Los Angeles Dodgers,Los Angeles Dodgers,2020,43,17,0.717,136,349,213
Atlanta Braves,Atlanta Braves,2020,35,25,0.583,60,348,288
Chicago Cubs,Chicago Cubs,2020,34,26,0.567,25,265,240
New York Yankees,New York Yankees,2020,33,27,0.55,45,315,270
St. Louis Cardinals,St. Louis Cardinals,2020,30,28,0.517,11,240,229
San Francisco Giants,San Francisco Giants,2020,29,31,0.483,2,299,297
Philadelphia Phillies,Philadelphia Phillies,2020,28,32,0.467,-5,306,311
New York Mets,New York Mets,2020,26,34,0.433,-22,286,308
Boston Red Sox,Boston Red Sox,2020,24,36,0.4,-59,292,351
Pittsburgh Pirates,Pittsburgh Pirates,2020,19,41,0.317,-79,219,298
San Francisco Giants,San Francisco Giants,2021,107,55,0.66,210,804,594
Los Angeles Dodgers,Los Angeles Dodgers,2021,106,56,0.654,269,830,561
Boston Red Sox,Boston Red Sox,2021,92,70,0.568,80,829,749
New York Yankees,New York Yankees,2021,92,70,0.568,42,711,669
St. Louis Cardinals,St. Louis Cardinals,2021,90,72,0.556,34,706,672
Atlanta Braves,Atlanta Braves,2021,88,73,0.547,134,790,656
Philadelphia Phillies,Philadelphia Phillies,2021,82,80,0.506,-11,734,745
New York Mets,New York Mets,2021,77,85,0.475,-32,636,668
Chicago Cubs,Chicago Cubs,2021,71,91,0.438,-134,705,839
Pittsburgh Pirates,Pittsburgh Pirates,2021,61,101,0.377,-224,609,833
Los Angeles Dodgers,Los Angeles Dodgers,2022,111,51,0.685,334,847,513
Atlanta Braves,Atlanta Braves,2022,101,61,0.623,180,789,609
New York Mets,New York Mets,2022,101,61,0.623,166,772,606
New York Yankees,New York Yankees,2022,99,63,0.611,240,807,567
St. Louis Cardinals,St. Louis Cardinals,2022,93,69,0.574,135,772,637
Philadelphia Phillies,Philadelphia Phillies,2022,87,75,0.537,62,747,685
San Francisco Giants,San Francisco Giants,2022,81,81,0.5,19,716,697
Boston Red Sox,Boston Red Sox,2022,78,84,0.481,-52,735,787
Chicago Cubs,Chicago Cubs,2022,74,88,0.457,-74,657,731
Pittsburgh Pirates,Pittsburgh Pirates,2022,62,100,0.383,-226,591,817
Atlanta Braves,Atlanta Braves,2023,104,58,0.642,231,947,716
Los Angeles Dodgers,Los Angeles Dodgers,2023,100,62,0.617,207,906,699
Philadelphia Phillies,Philadelphia Phillies,2023,90,72,0.556,81,796,715
Chicago Cubs,Chicago Cubs,2023,83,79,0.512,96,819,723
New York Yankees,New York Yankees,2023,82,80,0.506,-25,673,698
San Francisco Giants,San Francisco Giants,2023,79,83,0.488,-45,674,719
Boston Red Sox,Boston Red Sox,2023,78,84,0.481,-4,772,776
Pittsburgh Pirates,Pittsburgh Pirates,2023,76,86,0.469,-98,692,790
New York Mets,New York Mets,2023,75,87,0.463,-12,717,729
St. Louis Cardinals,St. Louis Cardinals,2023,71,91,0.438,-110,719,829
Los Angeles Dodgers,Los Angeles Dodgers,2024,98,64,0.605,156,842,686
Philadelphia Phillies,Philadelphia Phillies,2024,95,67,0.586,113,784,671
New York Yankees,New York Yankees,2024,94,68,0.58,147,815,668
Atlanta Braves,Atlanta Braves,2024,89,73,0.549,97,704,607
New York Mets,New York Mets,2024,89,73,0.549,71,768,697
Chicago Cubs,Chicago Cubs,2024,83,79,0.512,67,736,669
St. Louis Cardinals,St. Louis Cardinals,2024,83,79,0.512,-47,672,719
Boston Red Sox,Boston Red Sox,2024,81,81,0.5,4,751,747
San Francisco Giants,San Francisco Giants,2024,80,82,0.494,-6,693,699
Pittsburgh Pirates,Pittsburgh Pirates,2024,76,86,0.469,-74,665,739
